tour_name,description,best_time,location,tour_type
Ranthambore Tiger Safari,"Ranthambore National Park, located in Rajasthan, spans 392 sq km and is surrounded by the Mansingh and Kaila Devi sanctuaries. It is renowned for its thriving tiger population, making it one of India's premier destinations for spotting these majestic predators in the wild. Apart from tigers, the park is home to leopards, sloth bears, and a variety of bird species. The park's picturesque ruins, including the ancient Ranthambore Fort, add a historical charm to the wildlife experience.",October-June,Ranthambore (Rajasthan),Wildlife
Corbett Tiger Adventure,"Jim Corbett National Park, nestled in the Himalayan foothills of Uttarakhand, is India's first national park and part of the larger Corbett Tiger Reserve. It offers a blend of dense forests, grasslands, and riverine belts. Known for its healthy population of Bengal tigers, the park also hosts elephants, deer, crocodiles, and over 650 bird species. Visitors can enjoy guided safaris, river rafting, and stunning views of the Ramganga River.",November-June,Corbett (Uttarakhand),Wildlife
Bandhavgarh Wilderness Tour,"Bandhavgarh National Park in Madhya Pradesh is famed for its dense tiger population and frequent sightings, especially in summer. The park is also rich in historical significance, with ancient caves, sculptures, and the iconic Bandhavgarh Fort. Visitors can spot tigers, leopards, and other wildlife while enjoying the park's scenic beauty and lush vegetation.",October-June,Bandhavgarh (Madhya Pradesh),Wildlife
Kanha Jungle Retreat,"Kanha National Park, located in Madhya Pradesh, is a vast expanse of forests, grasslands, and streams. It is famously the inspiration for Rudyard Kipling's 'The Jungle Book.' The park is home to tigers, barasingha (swamp deer), and leopards. Visitors can enjoy safaris in the pristine wilderness and the stunning meadows that make Kanha unique.",October-June,Kanha (Madhya Pradesh),Wildlife
Tadoba Wildlife Safari,"Tadoba-Andhari Tiger Reserve in Maharashtra is known as the 'Jewel of Vidarbha.' It boasts a thriving population of Bengal tigers and other species like sloth bears, Indian gaurs, and leopards. The reserve's serene Tadoba Lake and dense teak forests enhance the overall experience for wildlife enthusiasts and nature lovers.",October-June,Tadoba (Maharashtra),Wildlife
Sundarbans Tiger Quest,"Sundarbans National Park in West Bengal is a UNESCO World Heritage Site and the world's largest mangrove forest. It is home to the elusive Royal Bengal Tiger, saltwater crocodiles, and an array of unique wildlife. Boat safaris through the mangroves offer a one-of-a-kind experience, combining wildlife spotting with stunning natural beauty.",November-March,Sundarbans (West Bengal),Wildlife
Pench Jungle Exploration,"Pench National Park, straddling the borders of Madhya Pradesh and Maharashtra, offers a rich tapestry of forests and wildlife. The park inspired Rudyard Kipling's 'The Jungle Book' and is famous for its thriving tiger population, wild dogs, and leopards. Visitors can explore the beautiful teak forests and enjoy safaris that provide a glimpse into the park's vibrant ecosystem.",October-June,Pench (Madhya Pradesh/Maharashtra),Wildlife
Periyar Wildlife Escape,"Periyar Tiger Reserve in Kerala is nestled in the lush Western Ghats and is known for its eco-tourism initiatives. Visitors can spot tigers, elephants, and a wide range of flora and fauna. Boating on Periyar Lake offers a tranquil experience, allowing travelers to witness wildlife in its natural habitat.",October-April,Periyar (Kerala),Wildlife
Satpura Wild Adventure,"Satpura National Park in Madhya Pradesh is a hidden gem known for its peaceful wilderness and diverse wildlife. Visitors can spot tigers, sloth bears, and leopards while exploring its picturesque terrain. The park is unique for offering walking and boat safaris, providing a closer connection to nature.",October-April,Satpura (Madhya Pradesh),Wildlife
Nagarhole Tiger Trails,"Nagarhole National Park, part of the Nilgiri Biosphere Reserve in Karnataka, is a haven for tiger enthusiasts and nature lovers. The park is home to tigers, leopards, Asian elephants, and a variety of bird species. The Kabini River adds to its charm, offering breathtaking views during safaris.",October-May,Nagarhole (Karnataka),Wildlife
Jog Falls Adventure,"Jog Falls, located in Karnataka, is one of India's highest plunge waterfalls, formed by the Sharavathi River. It cascades from a height of 830 feet and is a breathtaking sight, especially during the monsoon when the waterfall is at its full glory. The surroundings are lush green, offering an excellent spot for nature enthusiasts and photographers. Activities include trekking, nature walks, and enjoying panoramic views from nearby vantage points.",June-September,Jog Falls (Karnataka),Nature
Athirappilly Waterfall Retreat,"Athirappilly Waterfalls, often referred to as the 'Niagara of India,' is a stunning cascade located in Kerala's Thrissur district. The waterfall is 80 feet high and surrounded by the lush greenery of the Western Ghats. The area is also home to rich biodiversity, including the Great Hornbill and other exotic bird species. Visitors can enjoy scenic walks and witness the grandeur of this iconic waterfall.",September-January,Athirappilly (Kerala),Nature
Dudhsagar Falls Safari,"Dudhsagar Falls, located on the Mandovi River in Goa, is one of the tallest waterfalls in India, standing at 1017 feet. The name 'Dudhsagar' translates to 'Sea of Milk,' owing to its milky white appearance as it cascades down the steep cliffs. Surrounded by the Bhagwan Mahavir Wildlife Sanctuary, the falls offer trekking opportunities and picturesque views. It's a popular spot for nature lovers and adventurers.",October-May,Dudhsagar (Goa),Adventure
Chitrakote Waterfall Expedition,"Chitrakote Waterfall in Chhattisgarh, also known as the 'Niagara Falls of India,' is the widest waterfall in the country, spanning over 300 meters during the monsoon. It is located on the Indravati River and is surrounded by dense forests. Visitors can enjoy boat rides at the base of the falls, scenic views, and cultural experiences as the area is rich in tribal heritage.",July-October,Chitrakote (Chhattisgarh),Nature
Shivanasamudra Falls Tour,"Shivanasamudra Falls, located in Karnataka, is a twin waterfall formed by the Kaveri River. The falls split into two streams: Gaganachukki and Bharachukki, creating a mesmerizing view. This spot is popular for its serene surroundings and offers excellent photography opportunities. It is one of the earliest locations in India to have a hydroelectric power station.",July-November,Shivanasamudra (Karnataka),Nature
Nohkalikai Falls Excursion,"Nohkalikai Falls in Meghalaya is India's tallest plunge waterfall, dropping from a height of 1115 feet. Located near Cherrapunji, one of the wettest places on Earth, the waterfall is surrounded by lush greenery and misty landscapes. Visitors can enjoy breathtaking views from the viewing platform and explore nearby caves and trails.",September-May,Nohkalikai (Meghalaya),Adventure
Kempty Falls Day Tour,"Kempty Falls, located near Mussoorie in Uttarakhand, is a popular tourist destination. The cascading waterfall drops from a height of 40 feet and creates a large pool at the base, perfect for bathing and picnicking. Surrounded by the scenic beauty of the Garhwal Hills, it is an ideal spot for families and nature enthusiasts.",March-June,Kempty Falls (Uttarakhand),Relaxation
Hogenakkal Falls Voyage,"Hogenakkal Falls, located on the Kaveri River in Tamil Nadu, is often referred to as the 'Niagara of South India.' The waterfall is famous for its unique carbonatite rocks and medicinal baths. Visitors can enjoy coracle boat rides, which provide a close-up view of the falls and the surrounding lush landscapes.",July-November,Hogenakkal (Tamil Nadu),Nature
Iruppu Falls Escape,"Iruppu Falls, located in the Coorg region of Karnataka, is a beautiful waterfall formed by the Lakshmana Tirtha River. The waterfall cascades amidst dense forests, creating a serene and refreshing atmosphere. The site also holds religious significance, with the nearby Rameshwara Temple attracting pilgrims.",August-January,Iruppu (Karnataka),Nature
Barehipani Falls Adventure,"Barehipani Falls, located in Odisha's Simlipal National Park, is India's second-highest waterfall, with a height of 1309 feet. Surrounded by dense forests and rich biodiversity, the waterfall offers a tranquil escape for nature lovers. Visitors can explore nearby trekking trails and enjoy the pristine beauty of the park.",October-February,Barehipani (Odisha),Adventure
Manali Mountain Adventure,"Manali, nestled in the Himalayas, is one of the most popular hill stations in India. It offers breathtaking views of snow-capped mountains, lush valleys, and pristine rivers. Adventure enthusiasts can indulge in trekking, paragliding, skiing, and river rafting. Key attractions include Solang Valley, Rohtang Pass, and Hidimba Temple.",March-June,Manali (Himachal Pradesh),Adventure
Leh-Ladakh Expedition,"Leh-Ladakh is a dream destination for mountain lovers, offering rugged terrains, serene monasteries, and snow-clad peaks. It is renowned for its unique landscapes, including Pangong Lake, Nubra Valley, and Magnetic Hill. Visitors can enjoy trekking, biking, and exploring Buddhist monasteries. The high-altitude desert scenery and crystal-clear skies make it a photographer's paradise.",May-September,Leh-Ladakh (Jammu & Kashmir),Adventure
Darjeeling Himalayan Retreat,"Darjeeling, known as the 'Queen of the Hills,' is famous for its tea gardens and stunning views of the Kanchenjunga peak. Visitors can enjoy a ride on the Darjeeling Himalayan Railway (Toy Train), explore Tiger Hill for sunrise views, and visit the serene Japanese Peace Pagoda. The vibrant culture and colonial charm add to its allure.",October-May,Darjeeling (West Bengal),Relaxation
Nainital Lakeside Escape,"Nainital, a picturesque hill station in Uttarakhand, is set around a beautiful pear-shaped lake. Surrounded by lush mountains, it offers boating, trekking, and cable car rides to Snow View Point. Popular attractions include Naini Devi Temple, Tiffin Top, and Nainital Zoo. Its serene ambiance makes it perfect for family vacations.",March-June,Nainital (Uttarakhand),Relaxation
Shimla Hill Station Tour,"Shimla, the capital of Himachal Pradesh, is a charming hill station surrounded by pine forests and colonial-era architecture. Key attractions include the Mall Road, Christ Church, Jakhoo Temple, and Kufri. Visitors can enjoy leisurely walks, shopping, and panoramic views of the Himalayas. It is a year-round destination with a mix of adventure and cultural experiences.",October-June,Shimla (Himachal Pradesh),Cultural
Mussoorie Scenic Tour,"Mussoorie, known as the 'Queen of the Hills,' offers stunning views of the Doon Valley and the Himalayas. Popular attractions include Kempty Falls, Gun Hill, and Lal Tibba. Visitors can enjoy cable car rides, nature walks, and relaxing in the pleasant mountain weather. Its proximity to Delhi makes it a popular weekend getaway.",March-June,Mussoorie (Uttarakhand),Relaxation
Tawang Monastery Journey,"Tawang in Arunachal Pradesh is a serene mountain destination known for its Buddhist culture and the magnificent Tawang Monastery, the largest in India. Surrounded by snow-capped mountains and pristine lakes like Madhuri Lake, it offers a spiritual and adventurous escape. Trekking, exploring local culture, and savoring traditional cuisine are key activities.",March-June,Tawang (Arunachal Pradesh),Cultural
Munnar Mountain Escape,"Munnar, located in Kerala's Western Ghats, is a tranquil hill station famous for its tea plantations and misty mountain views. Visitors can explore the Eravikulam National Park, Mattupetty Dam, and Anamudi Peak. Activities include trekking, boating, and visiting tea estates. Its pleasant climate and lush greenery attract tourists year-round.",September-March,Munnar (Kerala),Nature
Spiti Valley Offbeat Adventure,"Spiti Valley in Himachal Pradesh offers a surreal high-altitude desert experience with rugged mountains, ancient monasteries, and quaint villages. Key attractions include Key Monastery, Chandratal Lake, and Pin Valley National Park. Adventure seekers can enjoy trekking, biking, and star-gazing in the pristine environment.",May-October,Spiti Valley (Himachal Pradesh),Adventure
Mount Abu Scenic Getaway,"Mount Abu, Rajasthan's only hill station, is set in the Aravalli Range and offers a cool retreat with lush greenery and serene lakes. Key attractions include Dilwara Temples, Nakki Lake, and Guru Shikhar. Visitors can enjoy boat rides, trekking, and exploring cultural heritage sites. It is a perfect destination for relaxation and spiritual exploration.",October-March,Mount Abu (Rajasthan),Relaxation
Gulmarg Winter Wonderland,"Gulmarg, located in Jammu & Kashmir, is a paradise for winter sports enthusiasts. Known for its snow-covered slopes and the world's highest cable car, the Gulmarg Gondola, it offers skiing, snowboarding, and trekking. The scenic beauty of the Pir Panjal range and vibrant meadows make it an all-season destination.",December-March,Gulmarg (Jammu & Kashmir),Adventure
Kodaikanal Green Retreat,"Kodaikanal, known as the 'Princess of Hill Stations,' is a charming mountain destination in Tamil Nadu. Surrounded by forests, waterfalls, and a star-shaped lake, it offers a peaceful retreat. Visitors can enjoy boating on Kodaikanal Lake, trekking to Dolphin's Nose, and exploring the Berijam Lake area. Its pleasant weather is ideal for nature lovers.",September-May,Kodaikanal (Tamil Nadu),Nature
Dal Lake Houseboat Experience,"Dal Lake in Srinagar, Jammu & Kashmir, is a jewel of the Himalayas, famous for its stunning natural beauty. Visitors can enjoy a unique houseboat stay, shikara rides, and mesmerizing views of the surrounding snow-capped mountains. The lake is also a hub for the famous floating gardens and vibrant local markets on water.",April-October,Srinagar (Jammu & Kashmir),Relaxation
Chilika Lake Birdwatching Tour,"Chilika Lake, located in Odisha, is Asia's largest brackish water lagoon and a paradise for birdwatchers. It is home to a vast variety of migratory birds during winter. Visitors can enjoy boat rides to spot flamingos, herons, and dolphins at Satapada. The scenic beauty and biodiversity make it a must-visit destination.",November-February,Chilika (Odisha),Nature
Loktak Lake Floating Island Escape,"Loktak Lake in Manipur is the largest freshwater lake in Northeast India, famous for its unique phumdis (floating islands). Visitors can explore the Keibul Lamjao National Park, the only floating national park in the world, which is home to the endangered Sangai deer. The serene environment and cultural richness offer a unique experience.",October-March,Loktak (Manipur),Nature
Pushkar Lake Pilgrimage Tour,"Pushkar Lake, located in Rajasthan, is a sacred lake surrounded by 52 ghats and hundreds of temples. It is a significant pilgrimage site for Hindus. Visitors can participate in holy dips, enjoy camel rides during the Pushkar Fair, and experience the cultural vibrancy of this historic town.",October-November,Pushkar (Rajasthan),Cultural
Vembanad Lake Backwater Cruise,"Vembanad Lake, the longest lake in India, is located in Kerala and forms a major part of the state's iconic backwaters. Visitors can enjoy houseboat cruises, traditional Kerala cuisine, and scenic views of lush greenery and coconut groves. The Kumarakom Bird Sanctuary, located nearby, is an added attraction.",September-March,Vembanad (Kerala),Relaxation
Pichola Lake Heritage Tour,"Lake Pichola in Udaipur, Rajasthan, is an artificial freshwater lake surrounded by stunning palaces and temples. Visitors can enjoy boat rides with picturesque views of the City Palace, Jag Mandir, and the iconic Lake Palace. The serene ambiance makes it a perfect destination for a heritage and romantic escape.",October-March,Udaipur (Rajasthan),Cultural
Bhimtal Lake Hill Retreat,"Bhimtal Lake, located in Uttarakhand, is a serene destination surrounded by lush hills. It offers activities like boating, fishing, and birdwatching. The small island in the center of the lake houses an aquarium, adding to its charm. It is an ideal spot for relaxation and nature enthusiasts.",March-June,Bhimtal (Uttarakhand),Relaxation
Nainital Lake Serenity Tour,"Nainital Lake, the centerpiece of Nainital, Uttarakhand, is a pear-shaped lake offering breathtaking views of the surrounding mountains. Visitors can enjoy boating, yachting, and paddle boating. The lake is illuminated beautifully in the evenings, creating a magical experience for families and couples.",March-June,Nainital (Uttarakhand),Relaxation
Pangong Lake Adventure,"Pangong Lake, located in Ladakh, is a stunning high-altitude lake known for its vibrant blue waters and dramatic landscapes. The lake changes its color throughout the day and offers unparalleled views of the surrounding mountains. It is a popular destination for adventure seekers and photography enthusiasts.",May-September,Pangong (Ladakh),Adventure
Sambhar Salt Lake Excursion,"Sambhar Lake in Rajasthan is India's largest inland saltwater lake. Visitors can explore its unique white landscapes, witness the salt production process, and spot flamingos and other migratory birds. The lake's tranquil environment and cultural significance make it a fascinating offbeat destination.",November-February,Sambhar (Rajasthan),Nature
Wular Lake Scenic Tour,"Wular Lake in Jammu & Kashmir is one of the largest freshwater lakes in Asia. Surrounded by majestic mountains, it is an important habitat for migratory birds. Visitors can enjoy scenic boat rides, birdwatching, and exploring the charming nearby villages. Its tranquil setting is ideal for nature lovers.",April-October,Wular (Jammu & Kashmir),Nature
Tsomgo Lake Himalayan Escape,"Tsomgo Lake, also known as Changu Lake, is a glacial lake located near Gangtok in Sikkim. The lake is surrounded by snow-covered peaks and is considered sacred by the locals. Visitors can enjoy yak rides, snow activities, and breathtaking views of the pristine Himalayan landscapes.",April-June,Gangtok (Sikkim),Adventure
Ganges River Spiritual Tour,"The Ganges River, revered as the most sacred river in India, offers an immersive spiritual experience. Starting from the holy city of Varanasi, visitors can witness the iconic Ganga Aarti, take a boat ride on the river at sunrise, and explore ghats and temples. The journey down the river takes travelers through Rishikesh and Haridwar, offering opportunities for yoga, meditation, and spiritual rejuvenation.",October-March,Varanasi (Uttar Pradesh),Cultural
Yamuna River Heritage Tour,"The Yamuna River, one of the major tributaries of the Ganges, flows through Delhi, Agra, and Mathura. A boat ride on the river offers stunning views of historic monuments like the Taj Mahal in Agra and the Red Fort in Delhi. Visitors can explore the rich history, culture, and spiritual significance of the river while visiting ancient temples and landmarks.",November-February,Delhi-Agra (Uttar Pradesh),Cultural
Sundarbans River Wildlife Safari,"The Sundarbans Delta, formed by the confluence of the Ganges, Brahmaputra, and Meghna rivers, is a UNESCO World Heritage site and one of the largest mangrove forests in the world. A river cruise through the delta offers the chance to spot the elusive Royal Bengal Tiger, along with a variety of wildlife and migratory birds. The tranquil waterways make for an unforgettable wildlife experience.",October-April,Sundarbans (West Bengal),Nature
Brahmaputra River Adventure,"The Brahmaputra River, flowing through the northeastern states of India, offers thrilling river cruises and adventure opportunities. Visitors can explore the unique landscapes of Assam, enjoy boat rides through Kaziranga National Park, and visit Majuli, the world's largest river island. The river is also famous for its rich biodiversity and cultural heritage.",November-March,Assam (Assam),Adventure
Kaveri River Pilgrimage Tour,"The Kaveri River, one of South India's holiest rivers, flows through Karnataka and Tamil Nadu. It is associated with many temples and pilgrimage sites like the famous temples at Talakadu and Srirangapatna. Visitors can also explore the beautiful island of Srirangam and enjoy boat rides in the serene Kaveri backwaters.",October-April,Karnataka-Tamil Nadu,Religious
Godavari River Expedition,"The Godavari River, also known as the 'Dakshina Ganga,' is one of India's longest rivers, flowing through Maharashtra, Telangana, and Andhra Pradesh. A river cruise along the Godavari offers scenic views of temples, ghats, and wildlife sanctuaries. The tour also explores the spiritual significance of the river, especially in places like Nashik and Rajahmundry.",October-March,Maharashtra-Telangana (Maharashtra),Cultural
Narmada River Serenity Tour,"The Narmada River, flowing through Madhya Pradesh and Gujarat, is a sacred river often associated with temples and pilgrimages. Visitors can enjoy boat rides to explore the Narmada Valley, visit the sacred town of Omkareshwar, and witness the grandeur of the Narmada Bachao Andolan. The river also offers opportunities for nature walks and exploration of nearby wildlife sanctuaries.",October-March,Madhya Pradesh-Gujarat,Religious
Tungabhadra River Heritage Tour,"The Tungabhadra River, formed by the confluence of the Tunga and Bhadra rivers, flows through the historic city of Hampi in Karnataka. Visitors can enjoy boat rides along the river, explore the ancient ruins of Hampi, and visit the iconic Virupaksha Temple. The river and its surroundings offer a fascinating blend of history, culture, and natural beauty.",October-March,Hampi (Karnataka),Cultural
Mahanadi River Exploration,"The Mahanadi River flows through the state of Odisha and offers a rich cultural and historical experience. Visitors can explore the beautiful Hirakud Dam, visit temples along the river's banks, and enjoy scenic boat rides. The river also flows through lush landscapes and is home to a variety of bird species, making it a great spot for birdwatching.",November-March,Odisha (Odisha),Nature
Tungabhadra River Wildlife Safari,"The Tungabhadra River, flowing through Karnataka, is known for its scenic beauty and wildlife sanctuaries along its banks. A boat safari along the river provides a chance to spot crocodiles, various bird species, and rich flora. The nearby wildlife sanctuaries, such as the Daroji Bear Sanctuary, add to the adventure and wildlife experience.",October-April,Karnataka (Karnataka),Adventure
Ranthambore Wildlife Safari,"Ranthambore National Park in Rajasthan is one of the best places for a family wildlife safari. Families can enjoy thrilling jeep safaris to spot tigers, leopards, and other wildlife in their natural habitat. The park also offers birdwatching, nature walks, and the chance to explore the historic Ranthambore Fort. The park's variety of activities ensures a memorable experience for families.",October-April,Ranthambore (Rajasthan),Adventure
Disneyland Adventure in Jaipur,"Jaipur, the capital of Rajasthan, offers a perfect blend of history, culture, and family-friendly attractions. The Amer Fort, City Palace, and Jantar Mantar are great for family visits, offering educational experiences. Families can also enjoy theme parks like the Jaipur Zoo and the Nahargarh Fort, which offer panoramic views and open spaces for kids to explore.",October-March,Jaipur (Rajasthan),Cultural
Ooty Family Vacation,"Ooty, a popular hill station in Tamil Nadu, is ideal for a family vacation with its lush greenery, gardens, and serene lakes. Visitors can enjoy boat rides on Ooty Lake, visit the Rose Garden, and take the famous Nilgiri Mountain Railway. Families can also go trekking, visit botanical gardens, and enjoy horse rides, making it a great place for family bonding.",March-June,Ooty (Tamil Nadu),Relaxation
Alleppey Backwaters Houseboat Tour,"Alleppey, known as the 'Venice of the East,' offers a peaceful houseboat cruise through the scenic Kerala backwaters. Families can enjoy the tranquil ride through lush greenery, explore the quaint villages along the banks, and enjoy the local cuisine. The relaxed atmosphere makes it an ideal destination for family vacations.",September-April,Alleppey (Kerala),Relaxation
Agra Heritage Tour,"Agra, home to the iconic Taj Mahal, offers a rich cultural experience for families. Visitors can explore the Taj Mahal, Agra Fort, and Fatehpur Sikri, learning about India's history. The city also offers family-friendly activities like visiting local markets, exploring museums, and enjoying the city's vibrant food scene.",October-March,Agra (Uttar Pradesh),Cultural
Goa Beach Family Getaway,"Goa is a family favorite for its beautiful beaches, vibrant culture, and family-friendly resorts. Families can enjoy water sports like parasailing and jet skiing, explore the spice plantations, visit the historic churches of Old Goa, and relax on the clean sandy beaches. Goa is perfect for a balanced mix of relaxation and adventure for all family members.",November-February,Goa (Goa),Relaxation
Nainital Lakeside Family Tour,"Nainital is a charming hill station known for its lake and pleasant climate, making it perfect for family vacations. Families can enjoy boating on Naini Lake, take a cable car ride to Snow View Point, visit the Naini Zoo, and explore the surrounding hills. The town's peaceful ambiance and family-friendly activities ensure a relaxing getaway.",March-June,Nainital (Uttarakhand),Relaxation
Darjeeling Himalayan Toy Train,"Darjeeling, a serene hill station in West Bengal, offers a perfect family vacation with its pleasant climate and historical charm. Families can enjoy a ride on the Darjeeling Himalayan Toy Train, visit the Peace Pagoda, explore the tea gardens, and take a walk along the Mall Road. The town also offers opportunities for family trekking and sightseeing.",March-June,Darjeeling (West Bengal),Cultural
Kerala Family Tour,"Kerala, known as 'God's Own Country,' is a family-friendly destination offering a mix of beaches, backwaters, and hill stations. Families can enjoy houseboat rides in Alappuzha, visit tea plantations in Munnar, explore the Periyar Wildlife Sanctuary, and unwind on the beaches of Kovalam and Varkala. The variety of activities makes Kerala an ideal destination for family holidays.",September-April,Kerala (Kerala),Nature
Rishikesh Yoga and Adventure,"Rishikesh, located on the banks of the Ganges in Uttarakhand, is perfect for families looking for a mix of adventure and spirituality. Families can enjoy yoga and meditation retreats, river rafting on the Ganges, and treks in the nearby Rajaji National Park. The town offers a peaceful atmosphere with plenty of family-friendly activities for all age groups.",October-March,Rishikesh (Uttarakhand),Adventure
Kumarakom Backwater Family Escape,"Kumarakom in Kerala is an ideal destination for families looking for a peaceful retreat. Visitors can enjoy houseboat cruises on Vembanad Lake, explore the Kumarakom Bird Sanctuary, and visit local farms. The relaxing backwater environment offers the perfect opportunity for families to unwind and enjoy quality time together.",September-April,Kumarakom (Kerala),Relaxation
Varanasi Spiritual Learning Tour,"Varanasi, one of the oldest living cities in the world, offers a profound educational experience, especially for those interested in spirituality and history. Visitors can explore ancient temples, learn about Hindu rituals, attend lectures at the Banaras Hindu University, and experience the Ganga Aarti. The city also offers opportunities for learning classical music and dance.",October-March,Varanasi (Uttar Pradesh),Cultural
Jaipur Heritage and Architecture Tour,"Jaipur, the Pink City, is a treasure trove of architectural wonders, including the Amber Fort, City Palace, and Jantar Mantar. Educational tours focus on the rich history, architecture, and science behind these monuments. Visitors can also learn about Rajasthani culture, traditional arts, and crafts through workshops and local museum tours.",October-March,Jaipur (Rajasthan),Cultural
Delhi History and Museum Tour,"Delhi, the capital city, offers a deep dive into India's history, from ancient times to the modern era. Educational tours include visits to historical sites like the Red Fort, Qutub Minar, and India Gate, alongside renowned museums such as the National Museum and the Gandhi Smriti. Delhi also provides insights into India's independence movement, Mughal history, and urban development.",October-March,Delhi (Delhi),Cultural
Kolkata Literature and Art Tour,"Kolkata is a cultural hub, offering educational tours centered around literature, art, and history. Visitors can explore the Indian Museum, the National Gallery of Modern Art, and the House of Rabindranath Tagore. The city's literary heritage, including the works of famous authors like Tagore and Ray, provides a unique learning experience.",October-March,Kolkata (West Bengal),Cultural
Mysore Heritage and Science Tour,"Mysore, known for its palaces, temples, and rich heritage, also offers educational experiences. Visitors can explore the Mysore Palace, Chamundi Hill, and the St. Philomena's Church. The city is also home to the renowned University of Mysore, which offers programs related to art and architecture. The Mysore Zoo is another educational attraction with an emphasis on animal conservation.",October-March,Mysore (Karnataka),Cultural
Hampi Archaeological Learning Tour,"Hampi, a UNESCO World Heritage site, is a must-visit for those interested in archaeology and ancient history. The ruins of Vijayanagara Empire offer insights into ancient architecture, engineering, and urban planning. Educational tours guide visitors through temples, palaces, and historical monuments while explaining their cultural and historical significance.",October-March,Hampi (Karnataka),Cultural
Rishikesh Yoga and Spirituality Course,"Rishikesh is the world capital of yoga, offering educational tours and courses in yoga and meditation. Visitors can attend yoga teacher training programs, learn about Indian spirituality, and visit sacred sites like the Parmarth Niketan Ashram and the Beatles Ashram. The Ganga River also adds to the serene atmosphere for reflection and learning.",October-March,Rishikesh (Uttarakhand),Spiritual
Pune Education and History Tour,"Pune is known for its academic institutions and rich historical heritage. The city hosts prestigious universities such as Savitribai Phule Pune University, as well as museums and educational centers like the Raja Dinkar Kelkar Museum. Pune's history, with its connection to the Maratha Empire, is explored through educational tours of Shaniwar Wada and the Aga Khan Palace.",October-March,Pune (Maharashtra),Cultural
Bodh Gaya Buddhist Learning Tour,"Bodh Gaya, one of the holiest places for Buddhists, is the site where Lord Buddha attained enlightenment. Visitors can learn about Buddhist teachings, history, and philosophy. The Mahabodhi Temple, the Bodhi Tree, and various monasteries offer an immersive educational experience for those interested in spirituality and religious studies.",October-March,Bodh Gaya (Bihar),Spiritual
Chennai Art and Culture Education,"Chennai offers a rich blend of history, culture, and art education. The city is home to the Government Museum, which displays sculptures, artifacts, and historical objects from ancient South India. Visitors can also explore traditional South Indian dance and music performances, and learn about the city's role in India's colonial and post-colonial history.",November-February,Chennai (Tamil Nadu),Cultural
Madurai Temples and Ancient Architecture Tour,"Madurai, one of the oldest cities in India, is famous for its temples, especially the Meenakshi Amman Temple. Educational tours focus on South Indian architecture, temple rituals, and the history of the Pandya dynasty. Visitors can learn about ancient engineering marvels, religious practices, and explore the city's cultural heritage through its vibrant markets and festivals.",October-March,Madurai (Tamil Nadu),Cultural
Goa Beach Holiday,"Goa is India's ultimate beach destination, known for its vibrant nightlife, beautiful beaches, and relaxing atmosphere. Families and couples alike can enjoy water sports like parasailing, jet-skiing, and dolphin watching. Goa also offers numerous beach shacks, lively markets, and cultural festivals, making it a perfect destination for a fun-filled holiday.",November-February,Goa (Goa),Relaxation
Andaman Islands Paradise,"The Andaman Islands offer pristine beaches, crystal-clear waters, and coral reefs ideal for snorkeling and scuba diving. Travelers can also explore Havelock and Neil Islands for their natural beauty and relaxed vibe. The Andamans are perfect for those looking to unwind in nature, with plenty of options for water sports, trekking, and exploring marine life.",October-May,Andaman Islands (Andaman and Nicobar Islands),Adventure
Manali Snow Adventure,"Manali, nestled in the mountains of Himachal Pradesh, is a popular holiday destination for snow lovers. In winter, tourists can enjoy skiing, snowboarding, and snowball fights, while in summer, trekking, paragliding, and river rafting are popular activities. The scenic beauty and adventure activities make it a great destination for fun-filled family holidays.",November-February,Manali (Himachal Pradesh),Adventure
Jaipur Cultural Fun Tour,"Jaipur, the Pink City, offers a mix of culture and fun. Families can explore palaces like the Amer Fort, City Palace, and Hawa Mahal, while also enjoying shopping at local bazaars. The city's vibrant festivals, camel rides, and Rajasthani cultural shows add a fun twist to this educational and entertaining holiday.",October-March,Jaipur (Rajasthan),Cultural
Mysore Holiday Escape,"Mysore is known for its royal palaces, gardens, and the famous Mysore Zoo. Families can visit the Mysore Palace, take a walk through the Brindavan Gardens, and enjoy the serenity of Chamundi Hill. The city is also famous for its silk and sandalwood products, making it a delightful destination for shopping and sightseeing.",October-March,Mysore (Karnataka),Cultural
Kochi Backwaters and Beaches,"Kochi, in Kerala, offers a fun and relaxing holiday experience. Tourists can explore the backwaters in houseboats, visit the Fort Kochi area for its colonial charm, and relax on the beaches. The local markets, art galleries, and traditional Kerala dance performances make it an ideal destination for a cultural and leisure holiday.",September-April,Kochi (Kerala),Relaxation
Rishikesh Adventure and Yoga,"Rishikesh offers a perfect blend of fun and wellness. The town is famous for its yoga and meditation retreats, as well as adventure sports like white-water rafting, trekking, and bungee jumping. Families and adventure seekers can enjoy the calm atmosphere, river activities, and spiritual experiences in this unique destination.",October-March,Rishikesh (Uttarakhand),Adventure
Alleppey Houseboat Holiday,"Alleppey in Kerala is famous for its serene backwaters and houseboat cruises. A fun-filled and relaxing holiday is guaranteed as visitors cruise through lush landscapes, spot local wildlife, and enjoy freshly prepared Kerala cuisine on board. The calm backwaters and charming surroundings offer the perfect setting for a peaceful and enjoyable holiday.",October-April,Alleppey (Kerala),Relaxation
Kashmir Valley Family Vacation,"Kashmir, known as 'Paradise on Earth,' offers stunning landscapes, peaceful lakes, and snow-capped mountains, making it an ideal destination for family holidays. Families can take shikara rides on Dal Lake, explore Mughal Gardens, and enjoy the cool climate. Whether it's the snow in winter or trekking in summer, Kashmir offers year-round fun and excitement.",March-September,Kashmir (Jammu & Kashmir),Relaxation
Udaipur Royal Holiday Tour,"Udaipur, also known as the City of Lakes, is famous for its majestic palaces and lakes. Families can take boat rides on Lake Pichola, visit the City Palace, and explore the Saheliyon ki Bari. The city's rich history and royal ambiance, coupled with a relaxing atmosphere, make it a perfect spot for a family holiday.",October-March,Udaipur (Rajasthan),Cultural
Dubai-Inspired Fun in Delhi,"Delhi offers a fusion of history and modernity, making it a fun destination for both adults and children. Families can enjoy theme parks like Worlds of Wonder, visit the famous Lotus Temple, and explore the National Zoological Park. Additionally, shopping at Delhi's markets and enjoying local street food add to the holiday experience.",October-March,Delhi (Delhi),Family
Varanasi Spiritual Pilgrimage,"Varanasi, one of the holiest cities in India, offers a deeply spiritual experience for those looking to connect with Hindu mythology. Visitors can explore the ghats along the Ganges, witness the Ganga Aarti, and visit temples like the Kashi Vishwanath Temple. The city is steeped in mythology, being the home of Lord Shiva and a center of learning and spirituality.",October-March,Varanasi (Uttar Pradesh),Spiritual
Rishikesh Yoga and Meditation Retreat,"Rishikesh, known as the 'Yoga Capital of the World,' offers spiritual and mythological significance, especially for those seeking a connection to the divine. Visitors can attend yoga retreats, meditate by the banks of the Ganges, and visit sacred temples like the Neelkanth Mahadev Temple. The region is deeply tied to Lord Rama's mythology, and its peaceful ambiance makes it perfect for spiritual rejuvenation.",October-March,Rishikesh (Uttarakhand),Spiritual
Bodh Gaya Buddhist Pilgrimage,"Bodh Gaya is the most important Buddhist pilgrimage site in the world, where Lord Buddha attained enlightenment. Visitors can explore the Mahabodhi Temple, the Bodhi Tree, and various monasteries. The site offers a profound spiritual experience and a deep connection to Buddhist teachings and mythology.",October-March,Bodh Gaya (Bihar),Spiritual
Tirupati Venkateswara Temple Tour,"Tirupati, located in Andhra Pradesh, is home to the famous Venkateswara Temple, one of the richest and most visited pilgrimage sites in India. Devotees visit to seek blessings from Lord Venkateswara, an incarnation of Lord Vishnu. The temple's mythology, with its stories of Lord Vishnu's incarnations, adds to the city's spiritual aura.",October-April,Tirupati (Andhra Pradesh),Spiritual
Haridwar and the Ganga Aarti,"Haridwar is one of the seven holiest places in Hinduism. It is the site where the Ganges descends from the Himalayas, making it an important pilgrimage destination. Devotees gather at Har Ki Pauri to participate in the evening Ganga Aarti, a spiritual ritual dedicated to the goddess Ganga. The city is deeply connected with Hindu mythology and is a must-visit for spiritual seekers.",October-March,Haridwar (Uttarakhand),Spiritual
Amritsar Golden Temple Spiritual Tour,"Amritsar is home to the Golden Temple, the holiest site in Sikhism. Visitors can explore the temple's serene environment, the Guru Granth Sahib, and the historical significance of the site. The spirituality of the Golden Temple is enhanced by its connection to the Sikh gurus and its importance in Indian mythology and spirituality.",October-March,Amritsar (Punjab),Spiritual
Kedarnath and Badrinath Pilgrimage,"The Kedarnath and Badrinath temples, located in the Himalayas, are part of the Char Dham Yatra, a significant pilgrimage circuit for Hindus. Kedarnath is dedicated to Lord Shiva, and Badrinath is dedicated to Lord Vishnu. These temples are surrounded by stunning natural beauty and are closely tied to Hindu mythology, offering a profound spiritual experience.",May-October,Kedarnath & Badrinath (Uttarakhand),Spiritual
Dwarka and Somnath Mythological Tour,"Dwarka, one of the four holiest Hindu pilgrimage sites, is believed to be the ancient kingdom of Lord Krishna. Somnath, home to the Somnath Temple, is dedicated to Lord Shiva and is known for its rich mythological history. Both cities offer spiritual experiences connected to ancient legends and tales from Hindu mythology.",October-March,Dwarka & Somnath (Gujarat),Spiritual
Kanchi Kamakshi Temple Pilgrimage,"Kanchipuram, also known as Kanchi, is an important spiritual center in Tamil Nadu, famous for its ancient temples. The Kamakshi Amman Temple, dedicated to Goddess Kamakshi, is one of the holiest shrines in South India. The city is deeply associated with Hindu mythology, particularly with the teachings of Adi Shankaracharya and other mythological legends.",October-March,Kanchipuram (Tamil Nadu),Spiritual
Mount Abu Spiritual and Mythological Tour,"Mount Abu, the only hill station in Rajasthan, is also known for its spiritual significance. The Dilwara Temples, dedicated to Jain Tirthankaras, and the peaceful atmosphere of the town offer a spiritual retreat. Mount Abu is linked to various legends from Hindu and Jain mythology, making it an ideal place for both spiritual reflection and mythological exploration.",October-March,Mount Abu (Rajasthan),Spiritual
Mysore Chamundeshwari Temple Tour,"Mysore's Chamundeshwari Temple, located atop the Chamundi Hill, is one of the 18 Siddha temples of India. The temple is dedicated to Goddess Chamundeshwari, an incarnation of Goddess Durga, and is closely linked to the mythology of the demon Mahishasura, who was defeated by the goddess. The panoramic views from the hill and the temple's spiritual significance make it an essential stop for mythology enthusiasts.",October-March,Mysore (Karnataka),Spiritual
Kailash Mansarovar Pilgrimage,"The Kailash Mansarovar Yatra is one of the most sacred pilgrimages in Hinduism, Buddhism, Jainism, and Bon religion. Mount Kailash, located in Tibet, is believed to be the abode of Lord Shiva, and Lake Mansarovar is considered the most sacred water body. This journey, steeped in mythological importance, is an arduous but spiritually fulfilling pilgrimage for those seeking to connect with Lord Shiva.",May-September,Kailash Mansarovar (Tibet),Spiritual
Vaishno Devi Temple,"The Vaishno Devi Temple, situated in Katra, Jammu and Kashmir, is one of the most revered pilgrimage sites in India. Dedicated to Goddess Vaishno Devi, it is believed that the goddess herself resides in the sacred cave, and devotees trek up the hills to pay homage.",April-November,Katra (Jammu & Kashmir),Spiritual
Shirdi Sai Baba Temple,"Shirdi, a small town in Maharashtra, is the spiritual abode of Sai Baba, a revered saint who is worshipped by people of all faiths. The Shirdi Sai Baba Temple is visited by millions of devotees each year. The temple's mythology centers around Sai Baba's miracles, teachings, and spiritual guidance, making it a popular destination for devotees seeking peace and divine intervention.",October-April,Shirdi (Maharashtra),Spiritual
Kashi Vishwanath Temple Pilgrimage,"The Kashi Vishwanath Temple in Varanasi is one of the most famous Shiva temples in India, dedicated to Lord Vishwanath (Shiva). Varanasi, known as the city of Lord Shiva, is steeped in mythology. The temple, located on the banks of the Ganges, attracts pilgrims who seek salvation and blessings from Lord Shiva. The city's spiritual atmosphere and rich cultural heritage make it an essential pilgrimage destination.",October-March,Varanasi (Uttar Pradesh),Spiritual
Somnath Temple Tour,"Somnath Temple, located in Saurashtra, Gujarat, is one of the twelve Jyotirlingas of Lord Shiva. According to mythology, the temple was originally built by the Moon God and later destroyed and rebuilt several times. It is believed that visiting Somnath helps in spiritual cleansing, and the temple's coastal location adds to its serene and divine ambiance.",October-March,Somnath (Gujarat),Spiritual
Meghalaya Nartiang Monoliths and Pilgrimage,"Nartiang in Meghalaya is home to ancient monoliths, which are believed to mark significant mythological and historical events of the Khasi tribe. The area is dotted with sacred places and temples dedicated to various deities from Khasi mythology. Visitors can learn about the region's spiritual heritage while exploring the monoliths and nearby temples.",October-March,Nartiang (Meghalaya),Spiritual
Jammu Raghunath Temple,"Raghunath Temple, located in Jammu, is dedicated to Lord Rama. The temple complex includes several shrines dedicated to other deities, making it a key pilgrimage site in northern India. The mythology surrounding the temple centers on Lord Rama's journey and the significance of his divine presence in the region.",October-April,Jammu (Jammu & Kashmir),Spiritual
Puri Jagannath Temple,"The Jagannath Temple in Puri, Odisha, is one of the Char Dham pilgrimage sites in India. Dedicated to Lord Jagannath (a form of Lord Krishna), the temple is surrounded by various mythological stories, including the famous Rath Yatra. The city is deeply connected to the religious and mythological traditions of India and is an essential site for spiritual seekers.",November-February,Puri (Odisha),Spiritual
Khajuraho Temples and Mythological Tour,"Khajuraho in Madhya Pradesh is famous for its UNESCO World Heritage-listed temples, which are adorned with intricate sculptures depicting Hindu mythology. The temples are dedicated to various gods and goddesses like Vishnu, Shiva, and Jain Tirthankaras. The mythological tales etched into the temple walls offer a unique blend of art, culture, and spirituality.",October-March,Khajuraho (Madhya Pradesh),Spiritual
Ramanathaswamy Temple,"The Ramanathaswamy Temple in Rameswaram, Tamil Nadu, is dedicated to Lord Shiva and is part of the Char Dham pilgrimage. According to mythology, Lord Rama, on his way to Lanka, worshipped Lord Shiva here to seek his blessings before battling Ravana. The temple is famous for its grand architecture and the belief that it helps in cleansing the soul.",October-March,Rameswaram (Tamil Nadu),Spiritual
Nanda Devi and Nanda Devi Temple,"Nanda Devi Temple, located in Almora, Uttarakhand, is dedicated to Nanda Devi, the goddess of the region, and is associated with local legends. The temple offers a tranquil and spiritual experience, where visitors can learn about the mythology surrounding Nanda Devi, the protector deity of the region, and her significance in both local and Hindu mythological traditions.",April-November,Almora (Uttarakhand),Spiritual
Pataleshwar Cave Temple,"Located in Pune, Maharashtra, the Pataleshwar Cave Temple is dedicated to Lord Shiva. This ancient rock-cut temple is surrounded by mythology, as it is believed that Lord Shiva resides here in his subterranean form, hence the name 'Pataleshwar.' The temple's peaceful ambiance and historical importance make it a must-visit site for those interested in ancient mythology.",October-March,Pune (Maharashtra),Spiritual
Baba Baidyanath Temple,"Located in Deoghar, Jharkhand, Baba Baidyanath Temple is one of the twelve Jyotirlingas, dedicated to Lord Shiva. It is believed that Lord Ravana performed intense penance here to please Lord Shiva, and that the temple grants devotees liberation from sin. This temple is not only important for its religious significance but also holds mythological importance in various texts and rituals.",May-October,Deoghar (Jharkhand),Spiritual
Gangaikonda Cholapuram Temple,"The Gangaikonda Cholapuram Temple, located in Tamil Nadu, is dedicated to Lord Shiva and was built by the Chola dynasty. The temple holds mythological significance, as it was built to commemorate the Chola king's victory in bringing the sacred waters of the Ganges to his kingdom. The temple's intricate architecture and historical value make it a key site for both mythology and history enthusiasts.",October-March,Gangaikonda Cholapuram (Tamil Nadu),Spiritual
Nashik Panchavati Tour,"Nashik, located in Maharashtra, is one of the holiest cities in Hinduism, associated with the epic Ramayana. Panchavati is an area in Nashik where Lord Rama, along with his wife Sita and brother Lakshmana, spent time during their exile. Visitors can explore temples like the Kalaram Sansthan Temple, which holds great mythological importance in the story of Lord Rama.",October-March,Nashik (Maharashtra),Spiritual
Kanchipuram Varadaraja Perumal Temple,"The Varadaraja Perumal Temple in Kanchipuram, Tamil Nadu, is one of the 108 Divya Desams, sacred shrines for the followers of Vaishnavism. Dedicated to Lord Vishnu, this temple is closely connected with several mythological stories, including the one where Lord Vishnu appeared to King Chola to protect the kingdom. The temple's serene ambiance and mythological importance make it an essential visit for spiritual seekers.",October-March,Kanchipuram (Tamil Nadu),Spiritual
Dwaraka and Nageshwar Jyotirlinga,"Dwaraka, in Gujarat, is associated with Lord Krishna and is considered one of the Char Dham pilgrimage sites. The Nageshwar Jyotirlinga, one of the twelve Jyotirlingas, is located nearby and is dedicated to Lord Shiva. These places are steeped in mythology, with stories of Lord Krishna's kingdom and his divine deeds, making them important pilgrimage destinations for devotees.",October-March,Dwaraka (Gujarat),Spiritual
Rath Yatra at Jagannath Temple,"The Jagannath Temple in Puri, Odisha, is famous for its grand Rath Yatra (Chariot Festival), where the idols of Lord Jagannath, Lord Balabhadra, and Devi Subhadra are taken out on a procession. This festival is deeply rooted in Hindu mythology, particularly the story of Lord Krishna's journey to meet his devotees. The event attracts millions of pilgrims every year.",June-July,Puri (Odisha),Spiritual
Sabarimala Ayyappa Temple,"Located in Kerala, the Sabarimala Ayyappa Temple is dedicated to Lord Ayyappa, who is believed to be a celibate deity and the son of Lord Shiva and Vishnu in his Mohini avatar. The temple is associated with several legends, including Ayyappa's battle with the demoness Mahishi. Pilgrims from across the country undertake a challenging journey to reach the temple, with the belief that it grants both spiritual and material rewards.",November-January,Pathanamthitta (Kerala),Spiritual
Rishabhdev Temple,"The Rishabhdev Temple in Rajasthan is dedicated to Lord Rishabhdev, the first Tirthankara in Jainism. This temple is an important center of Jain worship and is known for its mythology surrounding Lord Rishabhdev's teachings. The temple's architecture, surrounded by picturesque landscapes, attracts both religious devotees and those interested in learning about Jain mythology.",October-March,Rishabhdev (Rajasthan),Spiritual
Chidambaram Nataraja Temple,"The Nataraja Temple in Chidambaram, Tamil Nadu, is dedicated to Lord Shiva in his form as Nataraja, the cosmic dancer. The temple is an important site in Saiva Siddhanta, the philosophy of the Tamil Shaiva tradition. The mythology surrounding Lord Shiva's cosmic dance and its symbolism in Hindu philosophy make the temple a significant pilgrimage destination.",October-March,Chidambaram (Tamil Nadu),Spiritual
Tirupati Venkateswara Temple,"Located in Tirumala, Andhra Pradesh, the Venkateswara Temple is dedicated to Lord Vishnu, who is believed to have appeared on the Tirumala Hills. The temple is one of the richest in the world and is surrounded by myths, including the story of Lord Vishnu's visit to the hill in his incarnation as Venkateswara to end the demon Banasura's tyranny.",November-April,Tirupati (Andhra Pradesh),Spiritual
Kamakhya Temple,"Situated in Guwahati, Assam, Kamakhya Temple is dedicated to Goddess Kamakhya, an incarnation of Goddess Durga. This temple is deeply associated with tantra and is an important pilgrimage site for those interested in the worship of the divine feminine. The temple's rituals and legends are centered around the goddess's power to grant fertility.",April-September,Guwahati (Assam),Spiritual
Srisailam Mallikarjuna Temple,"The Mallikarjuna Temple in Srisailam, Andhra Pradesh, is one of the twelve Jyotirlingas and is dedicated to Lord Shiva. It holds immense importance in both Shaiva and Shakta traditions. The temple is associated with several mythological stories, including the story of the Lord's union with Goddess Parvati.",October-March,Srisailam (Andhra Pradesh),Spiritual
Dwarkadhish Temple,"The Dwarkadhish Temple, located in Dwarka, Gujarat, is dedicated to Lord Krishna. It is believed that this temple was built at the site of Lord Krishna's kingdom. The mythology behind the temple includes stories from the Mahabharata, and it is one of the Char Dham pilgrimage sites.",October-March,Dwarka (Gujarat),Spiritual
Rishikesh Neelkanth Mahadev Temple,"The Neelkanth Mahadev Temple in Rishikesh, Uttarakhand, is dedicated to Lord Shiva and is believed to be the place where Lord Shiva consumed the poison during the churning of the ocean, turning his throat blue. The temple is set in a picturesque location amidst the hills and holds a special place in the hearts of Shiva devotees.",April-November,Rishikesh (Uttarakhand),Spiritual
Annamalaiyar Temple,"The Annamalaiyar Temple in Tamil Nadu is dedicated to Lord Shiva and is one of the most revered temples in South India. According to mythology, Lord Shiva appeared here as a huge pillar of fire, and the temple symbolizes the cosmic principle of creation. The temple is also famous for its magnificent architecture.",October-March,Thiruvannamalai (Tamil Nadu),Spiritual
Mahakaleshwar Temple,"Located in Ujjain, Madhya Pradesh, Mahakaleshwar Temple is one of the twelve Jyotirlingas of Lord Shiva. The temple's mythology is tied to the legend of the king of Ujjain, who was blessed by Lord Shiva with the power to defeat his enemies. The temple's location on the banks of the river Shipra adds to its divine significance.",October-March,Ujjain (Madhya Pradesh),Spiritual
Badrinath Temple,"Badrinath Temple, located in the Chamoli district of Uttarakhand, is dedicated to Lord Vishnu. The temple is one of the Char Dham pilgrimage sites and is linked to various mythological tales, including the story of Lord Vishnu's retreat to Badrinath during the autumn months. The temple is surrounded by stunning mountain landscapes.",May-October,Badrinath (Uttarakhand),Spiritual
Kedarnath Temple,The Kedarnath Temple in Uttarakhand is dedicated to Lord Shiva and is one of the twelve Jyotirlingas. The temple is located near the source of the Mandakini River and is one of the holiest sites in Hinduism. It is associated with the legend of the Pandavas and their journey to seek forgiveness from Lord Shiva.,May-November,Kedarnath (Uttarakhand),Spiritual
Siddhivinayak Temple,"Located in Mumbai, Maharashtra, the Siddhivinayak Temple is dedicated to Lord Ganesha. It is one of the most famous Ganesha temples in India, with devotees believing that Lord Ganesha grants the wishes of those who visit with devotion. The temple's legend is deeply rooted in mythology, with Lord Ganesha being worshipped as the remover of obstacles.",Year-round,Mumbai (Maharashtra),Spiritual
Tungabhadra River Pilgrimage,"The Tungabhadra River, which flows through Karnataka and Andhra Pradesh, is associated with several mythological stories. The river is believed to be the home of Goddess Saraswati and is considered to have purifying powers. Pilgrims visit several temples along the riverbanks, including the famous Anegundi and Hampi temples.",October-March,Hampi (Karnataka/Andhra Pradesh),Spiritual
Ramanagaram and Ramadevara Betta,"Ramanagaram, located in Karnataka, is famous for being the place where the epic Mahabharata's Pandavas spent some of their exile. Ramadevara Betta, a hill in the area, is believed to be the spot where Lord Rama prayed to Lord Shiva. The area is steeped in mythological history and offers a spiritual retreat.",October-March,Ramanagaram (Karnataka),Spiritual
Vishnuprayag Temple,"Located in Uttarakhand, Vishnuprayag Temple is dedicated to Lord Vishnu and is situated at the confluence of the Alaknanda and Dhauliganga rivers. The mythology behind the temple is associated with the tale of Lord Vishnu's visit to the region, and it is one of the Panch Prayags of the Alaknanda River.",April-November,Uttarakhand,Spiritual
Trimbakeshwar Temple,"Trimbakeshwar Temple, located in Trimbak, Maharashtra, is one of the twelve Jyotirlingas of Lord Shiva. The temple is steeped in mythology, particularly surrounding the legend of Lord Shiva's manifestation in the form of a triad (three faces) at the temple, representing Brahma, Vishnu, and Shiva.",October-March,Trimbak (Maharashtra),Spiritual
Shankaracharya Temple,"The Shankaracharya Temple in Srinagar, Jammu and Kashmir, is dedicated to Lord Shiva and is located atop Shankaracharya Hill. The temple holds a significant place in Hindu mythology as it is believed that Adi Shankaracharya meditated here and composed his famous texts. It offers panoramic views of Srinagar and its surroundings.",April-September,Srinagar (Jammu & Kashmir),Spiritual
Red Fort Delhi Tour,"The Red Fort in Delhi, built by Mughal Emperor Shah Jahan in the 17th century, is a UNESCO World Heritage Site. It has witnessed numerous historical events, including India's independence. The fort's grand architecture and rich history make it a significant historical monument in India.",Year-round,Delhi,Historical
Qutub Minar Tour,"The Qutub Minar, located in Delhi, is a UNESCO World Heritage Site and one of the tallest brick minarets in the world. It is a symbol of the victory of the Delhi Sultanate over the Rajput kingdoms in the 12th century. The minar and surrounding structures offer a glimpse into India's medieval history.",Year-round,Delhi,Historical
Taj Mahal Agra Tour,"The Taj Mahal, located in Agra, Uttar Pradesh, is a symbol of eternal love. Built by Mughal Emperor Shah Jahan in memory of his wife Mumtaz Mahal, this magnificent white marble structure is a UNESCO World Heritage Site and one of the most famous historical landmarks in the world.",Year-round,Agra (Uttar Pradesh),Historical
Fatehpur Sikri Tour,"Fatehpur Sikri, near Agra, was built by Mughal Emperor Akbar in the 16th century as his capital. The city showcases a fusion of Persian, Indian, and Mughal architectural styles. The city's rich history, including stories of Akbar's reign, makes it an important historical site.",Year-round,Fatehpur Sikri (Uttar Pradesh),Historical
Jaipur Amber Fort Tour,"The Amber Fort, located near Jaipur in Rajasthan, is a stunning blend of Hindu and Mughal architectural styles. Built by Raja Man Singh, it was the seat of the Rajput rulers for several centuries. The fort's history is intertwined with Rajasthan's royal past, including battles and royal festivities.",Year-round,Jaipur (Rajasthan),Historical
Mysore Palace Tour,"The Mysore Palace, located in Karnataka, was the seat of the Wodeyar kings of Mysore. Known for its grandeur and architectural beauty, the palace is a symbol of Karnataka's royal heritage. The palace's rich history includes numerous royal events and is a major historical landmark in South India.",Year-round,Mysore (Karnataka),Historical
Chola Dynasty Temples Tour,"The Chola Dynasty Temples in Tamil Nadu, including the Brihadeeswarar Temple in Thanjavur, represent a significant era in South Indian history. Built by the Chola dynasty in the 9th and 10th centuries, these temples are UNESCO World Heritage Sites, showcasing the empire's artistic and architectural achievements.",October-March,Tamil Nadu,Historical
Hampi Tour,"Hampi, located in Karnataka, was once the capital of the Vijayanagar Empire. Today, it is an UNESCO World Heritage Site, with remarkable ruins that date back to the 14th century. Hampi's historical significance includes its rise as a prosperous kingdom and its eventual decline in the 16th century.",Year-round,Hampi (Karnataka),Historical
Ajanta and Ellora Caves Tour,"The Ajanta and Ellora Caves, located in Maharashtra, are a series of rock-cut cave temples that date back to the 2nd century BCE to the 6th century CE. These caves are famous for their ancient Buddhist, Jain, and Hindu art, and their historical significance in the development of Indian religious and cultural traditions.",Year-round,Maharashtra,Historical
Sanchi Stupa Tour,"The Sanchi Stupa, located in Madhya Pradesh, is a significant Buddhist monument built by Emperor Ashoka in the 3rd century BCE. It is known for its exquisite sculptures and inscriptions that depict the life of the Buddha. The stupa's historical and religious importance makes it an essential stop for those interested in India's ancient history.",Year-round,Madhya Pradesh,Historical
Khajuraho Temples Tour,"The Khajuraho Temples, located in Madhya Pradesh, are famous for their intricate erotic sculptures and stunning architectural style. Built between the 9th and 11th centuries, the temples reflect the grandeur of the Chandela dynasty and are an UNESCO World Heritage Site.",October-March,Madhya Pradesh,Historical
Gateway of India Mumbai Tour,"The Gateway of India, located in Mumbai, was built in 1924 to commemorate the visit of King George V and Queen Mary to India. It holds historical significance as the site where the last British troops left India in 1948 after independence. The monument is an iconic symbol of India's colonial past and independence.",Year-round,Mumbai (Maharashtra),Historical
Kolkata Victoria Memorial Tour,"The Victoria Memorial, located in Kolkata, is a grand monument built in memory of Queen Victoria. It is a symbol of British colonial rule in India and houses a museum with artifacts from the colonial era. The memorial's history is intertwined with India's struggle for independence.",Year-round,Kolkata (West Bengal),Historical
Bodh Gaya Tour,"Bodh Gaya, in Bihar, is one of the holiest Buddhist sites, where Lord Buddha attained enlightenment. The Mahabodhi Temple and the Bodhi Tree are key landmarks, and the site's historical importance lies in its role in the spread of Buddhism across the world.",Year-round,Bodh Gaya (Bihar),Historical
Sundarbans Delta and Netaji Subhas Chandra Bose,"The Sundarbans Delta, a UNESCO World Heritage Site, is located in West Bengal and is famous for its unique ecosystem. It is historically significant as the region where the legendary Indian freedom fighter Netaji Subhas Chandra Bose is believed to have made his final escape in 1945 during India's struggle for independence.",Year-round,West Bengal,Historical
Lal Quila and Humayun's Tomb Delhi Tour,"Lal Quila (Red Fort) and Humayun's Tomb are two historical sites in Delhi that showcase the grandeur of Mughal architecture. The Red Fort was the residence of Mughal emperors, while Humayun's Tomb is the precursor to the Taj Mahal in its architectural style. Both sites hold significant historical importance in India's Mughal history.",Year-round,Delhi,Historical
Rani Durgavati Fort Tour,"The Rani Durgavati Fort, located in Jabalpur, Madhya Pradesh, is dedicated to the legacy of Rani Durgavati, a fierce warrior queen who ruled the Gond Kingdom in the 16th century. The fort stands as a symbol of her bravery and the region's historical importance during India's medieval period.",October-March,Jabalpur (Madhya Pradesh),Historical
Patiala Qila Mubarak Tour,"The Qila Mubarak, located in Patiala, Punjab, is a historical fort that dates back to the 18th century. It was the residence of the Maharajas of Patiala and is known for its beautiful architecture and its role in the region's history, including the kingdom's political and cultural significance.",Year-round,Patiala (Punjab),Historical
Jaisalmer Fort Tour,"The Jaisalmer Fort in Rajasthan, also known as Sonar Quila, is a UNESCO World Heritage Site. Built in 1156, it is a stunning example of Rajasthani architecture and is one of the largest living forts in the world. The fort's historical importance is tied to its strategic role in the desert kingdom and its preservation of Rajput culture.",October-March,Jaisalmer (Rajasthan),Historical
Sikh Golden Temple Amritsar Tour,"The Golden Temple in Amritsar, Punjab, is the holiest shrine in Sikhism. Built in the 16th century, it is an important pilgrimage site and historical landmark, symbolizing the strength and resilience of the Sikh community. The temple's significance extends beyond its religious importance, with its role in Indian history and its association with the freedom struggle.",Year-round,Amritsar (Punjab),Historical
Udaipur City Palace Tour,"The City Palace in Udaipur, Rajasthan, is a stunning complex of 11 palaces, courtyards, and gardens, built by the Mewar dynasty. The palace is an architectural marvel that showcases the grandeur of Rajasthan's royal heritage, with spectacular views of Lake Pichola and the surrounding city.",Year-round,Udaipur (Rajasthan),Royalty
Mysore Palace Tour,"The Mysore Palace, located in Karnataka, was the seat of the Wodeyar kings of Mysore. Known for its grandeur and architectural beauty, the palace is a symbol of Karnataka's royal heritage. The palace's royal events, including the famous Dasara festival, are a major attraction.",Year-round,Mysore (Karnataka),Royalty
Jaipur Amber Fort and Palace Tour,"The Amber Fort, located near Jaipur in Rajasthan, is a blend of Hindu and Mughal architectural styles. The fort was the residence of the Rajput rulers of Amber and later Jaipur. The royal history of the region is reflected in its magnificent structures and rich traditions.",Year-round,Jaipur (Rajasthan),Royalty
Rajasthan Royal Heritage Tour,"This tour covers key royal landmarks across Rajasthan, including the City Palace in Udaipur, the Amber Fort in Jaipur, and the Jodhpur Mehrangarh Fort. It offers a comprehensive look at the palaces, forts, and regal traditions that have shaped Rajasthan's royal heritage.",Year-round,Rajasthan,Royalty
Jodhpur Mehrangarh Fort Tour,"The Mehrangarh Fort in Jodhpur, Rajasthan, was built by Rao Jodha in 1460. It is one of the largest forts in India and offers a fascinating insight into the royal history of the Marwar region. The fort houses a museum displaying artifacts from the royal family's collection.",Year-round,Jodhpur (Rajasthan),Royalty
Chittorgarh Fort Tour,"Chittorgarh Fort, located in Rajasthan, was the capital of the Mewar kingdom and is associated with the stories of Rani Padmini and the Rajput rulers. The fort is a UNESCO World Heritage Site and a symbol of Rajput valor, with its majestic palaces, temples, and historical landmarks.",Year-round,Chittorgarh (Rajasthan),Royalty
Pune Shaniwar Wada Fort Tour,"Shaniwar Wada Fort, located in Pune, Maharashtra, was the seat of the Peshwa rulers of the Maratha Empire. Built in the 18th century, it is known for its grand architecture and rich history, including tales of royal intrigue and battles fought during the Maratha Empire.",Year-round,Pune (Maharashtra),Royalty
Bikaner Junagarh Fort Tour,"The Junagarh Fort in Bikaner, Rajasthan, was never captured in battle, making it one of the most intact and impressive forts in India. Built by Raja Rai Singh in the 16th century, the fort showcases the royal legacy of the Bikaner princely state, with its lavish interiors and royal artifacts.",Year-round,Bikaner (Rajasthan),Royalty
Gwalior Fort Tour,"The Gwalior Fort, located in Madhya Pradesh, is a historical symbol of Indian royalty, particularly the Scindia family of Gwalior. The fort has been the site of numerous royal battles and has architectural features from Hindu, Mughal, and Scindia periods.",Year-round,Gwalior (Madhya Pradesh),Royalty
Patiala Qila Mubarak Tour,"The Qila Mubarak, located in Patiala, Punjab, is a historical fort that was the residence of the Maharajas of Patiala. Built in the 18th century, it showcases the opulence and architectural brilliance of Patiala's royal lineage.",Year-round,Patiala (Punjab),Royalty
Lucknow Bara Imambara Tour,"The Bara Imambara, located in Lucknow, Uttar Pradesh, was built by Nawab Asaf-ud-Daula in the 18th century. It represents the grandeur of the Awadh royal family and is known for its architectural brilliance, including the labyrinth, known as the Bhool Bhulaiya.",Year-round,Lucknow (Uttar Pradesh),Royalty
Rajkot Watson Museum Tour,"The Watson Museum, located in Rajkot, Gujarat, is dedicated to the history of the princely state of Saurashtra. It houses a collection of royal artifacts, including jewelry, paintings, and weapons that belonged to the local royal families.",Year-round,Rajkot (Gujarat),Royalty
Jammu Mubarak Mandi Palace Tour,"Mubarak Mandi Palace in Jammu, once the royal residence of the Dogra rulers, is an exquisite blend of Mughal, Rajasthani, and European architectural styles. The palace complex holds a rich history of the Dogra dynasty and is known for its beautiful frescoes and intricate designs.",Year-round,Jammu (Jammu & Kashmir),Royalty
Kochi Mattancherry Palace Tour,"The Mattancherry Palace, also known as the Dutch Palace, in Kochi, Kerala, was originally built by the Portuguese and later renovated by the Dutch. The palace is a symbol of the royal history of the Kochi Kingdom and showcases Kerala's regal architecture.",Year-round,Kochi (Kerala),Royalty
Bangalore Bangalore Palace Tour,"The Bangalore Palace, built in the 19th century, is an epitome of royal grandeur and architectural style. The palace was the residence of the Wodeyar family and reflects the royal culture of the region with its Tudor-style architecture and extensive collection of paintings, artifacts, and royal memorabilia.",Year-round,Bangalore (Karnataka),Royalty
Indore Lal Baag Palace Tour,"The Lal Baag Palace in Indore, Madhya Pradesh, was the residence of the Holkar rulers. The palace showcases a combination of Mughal and Maratha architecture and offers insight into the royal lifestyle with its beautiful gardens, museum, and royal collections.",Year-round,Indore (Madhya Pradesh),Royalty
Dholpur Machkund Palace Tour,"The Machkund Palace, located in Dholpur, Rajasthan, is associated with the royal history of the region. Known for its serene atmosphere and beautiful surroundings, the palace is a testament to the Rajput rulers of the area and their luxurious lifestyle.",Year-round,Dholpur (Rajasthan),Royalty
Kochi Hill Palace Tour,"The Hill Palace in Kochi, Kerala, was the residence of the Maharaja of Kochi. Built in the 19th century, the palace is set on a sprawling estate and is known for its impressive collection of royal artifacts, paintings, and antique furniture.",Year-round,Kochi (Kerala),Royalty
Bhubaneswar Rajarani Temple and Palace Tour,"The Rajarani Temple, located in Bhubaneswar, Odisha, is a royal heritage site with stunning architecture. It is associated with the Keshari dynasty and showcases intricate carvings and sculptures, making it an important historical site related to royalty in eastern India.",Year-round,Bhubaneswar (Odisha),Royalty
Bhangarh Fort Tour,"Bhangarh Fort, located in Rajasthan, is one of the most haunted places in India. Known for its eerie atmosphere, it is often the subject of ghost stories and paranormal activity reports. The fort's dark history, with tales of curses and deaths, attracts those seeking a spine-chilling experience.",Year-round,Rajasthan,Mystery & Scary
Kuldhara Village Tour,"Kuldhara, a deserted village in Rajasthan, is famous for its mysterious past. According to local legend, the village was abandoned overnight by its inhabitants due to a curse. Visitors are drawn to its eerie, desolate streets and the stories surrounding its sudden disappearance.",Year-round,Rajasthan,Mystery & Scary
Dumas Beach Tour,"Dumas Beach, located in Gujarat, is infamous for being one of the most haunted beaches in India. Known for its mysterious disappearances and spooky stories, the beach is said to be haunted by restless spirits. It has a dark history tied to cremation grounds and eerie occurrences.",Year-round,Gujarat,Mystery & Scary
Ramoji Film City Haunted Tour,"Ramoji Film City in Hyderabad is one of the largest film studio complexes in the world and is also known for its haunted locations. Various paranormal activities, including ghost sightings and strange noises, have been reported by visitors and staff, making it a popular spot for thrill-seekers.",Year-round,Hyderabad (Telangana),Mystery & Scary
The Shaniwarwada Fort Tour,"Shaniwarwada Fort, located in Pune, Maharashtra, is known for its haunting stories, particularly the legend of the ghost of a young prince. Visitors often report hearing unexplained noises and voices, especially during the night, making it a popular site for paranormal enthusiasts.",Year-round,Pune (Maharashtra),Mystery & Scary
Jatinga Bird Suicide Mystery Tour,"Jatinga, a village in Assam, is famous for the mysterious phenomenon where migratory birds are believed to commit mass suicides during specific months. The strange occurrence, which has baffled researchers, attracts those curious about this unexplained event.",September to November,Assam,Mystery & Scary
Agrasen Ki Baoli Tour,"Agrasen Ki Baoli, a stepwell located in Delhi, is known for its eerie atmosphere. The structure is surrounded by dark myths and legends, with stories of ghostly apparitions and a sense of unease, drawing visitors interested in exploring haunted places.",Year-round,Delhi,Mystery & Scary
Vrindavan Banke Bihari Temple Tour,"The Banke Bihari Temple in Vrindavan is said to be haunted due to the mysterious disappearance of the temple's priests and devotees. Some claim to hear strange sounds and experience unexplained phenomena, especially after dark, making it a site for mystery enthusiasts.",Year-round,Vrindavan (Uttar Pradesh),Mystery & Scary
Kangra Fort Ghost Tour,"Kangra Fort, located in Himachal Pradesh, is associated with haunting tales, including those of ghosts of ancient warriors and mysterious noises. The fort's history, involving centuries of conflict, has contributed to its eerie reputation.",Year-round,Himachal Pradesh,Mystery & Scary
Naini Lake and Naina Devi Temple Tour,"Naini Lake in Nainital is surrounded by tales of mystery and paranormal events. The nearby Naina Devi Temple is believed to be haunted, with locals sharing stories of strange happenings. The lake and temple make for a spine-tingling experience for those interested in supernatural phenomena.",Year-round,Nainital (Uttarakhand),Mystery & Scary
The Haunted Puran Dham Temple Tour,"Puran Dham, located in Bihar, is known for its ghostly legends. The temple, believed to be cursed, is said to be haunted by spirits that haunt the nearby area, making it an intriguing destination for those seeking a spine-chilling experience.",Year-round,Bihar,Mystery & Scary
"Daringbadi ""Kashmir of Odisha"" Ghost Tour","Daringbadi in Odisha is known for its mysterious atmosphere and ghostly occurrences. The dense forests, along with stories of hauntings and strange noises, make it a location for those interested in dark tourism and paranormal activities.",Year-round,Odisha,Mystery & Scary
Kolkata's South Park Cemetery Tour,"South Park Cemetery in Kolkata is one of the oldest cemeteries in India, known for its haunting stories and eerie environment. The cemetery is rumored to be haunted, with tales of ghost sightings and paranormal activities making it a popular spot for thrill-seekers.",Year-round,Kolkata (West Bengal),Mystery & Scary
Baba Bhootnath Temple Tour,"Baba Bhootnath Temple in Guwahati, Assam, is considered one of the most haunted places in India. The temple is linked with stories of spirits and restless souls, attracting visitors looking for a supernatural experience.",Year-round,Guwahati (Assam),Mystery & Scary
Mukteshwar Temple Ghost Tour,"The Mukteshwar Temple in Uttarakhand is known for its haunting stories and mysterious happenings. The temple, surrounded by dense forests, has been a subject of many ghost tales, making it a popular destination for those interested in paranormal activities.",Year-round,Uttarakhand,Mystery & Scary
The Haunted Hawa Mahal Tour,"Hawa Mahal in Jaipur, Rajasthan, known for its architectural beauty, is also surrounded by ghost stories and paranormal experiences. Visitors often report eerie feelings and strange sounds in its narrow corridors, making it a mysterious site.",Year-round,Jaipur (Rajasthan),Mystery & Scary
The Khooni Nadi (Bloody River) Tour,"Khooni Nadi, located near Delhi, is known for its blood-red waters, which are said to have been caused by the killings of ancient times. The river is the subject of many legends and supernatural stories, attracting those seeking a spooky experience.",Year-round,Delhi,Mystery & Scary
The Haunted Lake of Rishikesh Tour,"The lake in Rishikesh is associated with mysterious drownings and ghost sightings. The dark and eerie waters have been the subject of many ghost stories, making it a perfect spot for those looking to explore the supernatural.",Year-round,Rishikesh (Uttarakhand),Mystery & Scary
Sundarbans Mangrove Forest Tour,"The Sundarbans in West Bengal is a UNESCO World Heritage Site known for its unique mangrove ecosystem and diverse wildlife, including the Royal Bengal tiger. The area offers boat tours through its winding rivers and dense forest, providing an immersive nature experience.",Year-round,West Bengal,Nature
Valley of Flowers National Park Tour,"Located in Uttarakhand, the Valley of Flowers National Park is famous for its vibrant meadows filled with diverse wildflowers. A UNESCO World Heritage Site, it offers stunning treks through pristine natural beauty and is a paradise for botanists and nature enthusiasts.",June to September,Uttarakhand,Nature
Kerala Backwaters Tour,"The backwaters of Kerala, a network of lagoons, lakes, and rivers, are surrounded by lush greenery and wildlife. Houseboat tours through these serene waters offer a peaceful escape amidst nature and offer opportunities to spot various bird species, aquatic life, and rural Kerala life.",Year-round,Kerala,Nature
Jim Corbett National Park Safari,"Jim Corbett National Park, located in Uttarakhand, is India's oldest national park and a haven for wildlife lovers. The park is home to a variety of species, including the Bengal tiger, elephants, and over 600 species of birds. Safari tours offer a chance to explore the park's rich flora and fauna.",Year-round,Uttarakhand,Nature
Nanda Devi and Valley of Flowers Trek,"The Nanda Devi and Valley of Flowers Trek, located in Uttarakhand, takes visitors through one of the most beautiful and pristine regions of India. The trek offers views of towering peaks, verdant meadows, and a range of endemic flora and fauna, making it a nature lover['s dream.",June to September,Uttarakhand,Nature
Ranthambore National Park Safari,"Ranthambore National Park in Rajasthan is one of the best places to see tigers in the wild. It is a blend of natural beauty and historical significance, offering safaris through its dry forests and grasslands, where tourists can spot tigers, leopards, and other wildlife.",October to June,Rajasthan,Nature
Tawang Monastery and Bumla Pass Tour,"Tawang, in Arunachal Pradesh, is known for its stunning landscapes, including snow-capped mountains, lush valleys, and picturesque lakes. The tour offers opportunities to explore Tawang Monastery, Bumla Pass, and experience the serene natural beauty of the region.",Year-round,Arunachal Pradesh,Nature
Coorg Coffee Plantation Tour,"Coorg, in Karnataka, is famous for its coffee plantations, lush hills, and scenic landscapes. The tour includes visits to coffee estates, where visitors can learn about coffee production, as well as treks through dense forests, waterfalls, and wildlife sightings.",Year-round,Karnataka,Nature
Kanha National Park Safari,"Kanha National Park, located in Madhya Pradesh, is a biodiversity hotspot, home to tigers, leopards, and a variety of other wildlife. Visitors can explore the park's dense forests and meadows on jeep safaris, offering a close encounter with nature.",Year-round,Madhya Pradesh,Nature
Meghalaya Living Root Bridge Trek,"The living root bridges of Meghalaya, a UNESCO World Heritage site, are unique examples of bioengineering. These natural bridges are created by growing tree roots over centuries. The trek through dense forests and waterfalls offers an experience of nature's creativity and beauty.",Year-round,Meghalaya,Nature
Wayanad Wildlife Sanctuary Tour,"Wayanad Wildlife Sanctuary in Kerala is a haven for nature enthusiasts. The sanctuary is home to elephants, tigers, and various other wildlife, surrounded by dense forests, waterfalls, and coffee plantations, making it perfect for nature walks, wildlife spotting, and photography.",Year-round,Kerala,Nature
Ziro Valley Tour,"Ziro Valley in Arunachal Pradesh is known for its beautiful paddy fields, pristine rivers, and lush forests. It is an off-the-beaten-path destination, offering treks through picturesque landscapes, interaction with indigenous tribes, and a peaceful natural environment.",Year-round,Arunachal Pradesh,Nature
Thekkady Periyar Wildlife Sanctuary Tour,"Thekkady, located in Kerala, is home to the Periyar Wildlife Sanctuary, which offers boat tours on Periyar Lake where tourists can spot wildlife such as elephants, tigers, and various bird species amidst the verdant forests of the Western Ghats.",Year-round,Kerala,Nature
Chilika Lake Bird Watching Tour,"Chilika Lake in Odisha is the largest coastal lagoon in India, famous for its migratory bird population, especially during winter. The lake is a haven for bird watchers and nature lovers, offering boat rides to spot dolphins, pelicans, and other bird species.",November to February,Odisha,Nature
Kedarnath and Badrinath Tour,"Kedarnath and Badrinath, located in Uttarakhand, offer a mix of spiritual and natural experiences. Surrounded by the majestic peaks of the Himalayas, visitors can enjoy treks through alpine meadows, forests, and witness breathtaking views of glaciers and rivers.",May to November,Uttarakhand,Nature
Sikkim Tsomgo Lake and Nathula Pass Tour,"Tsomgo Lake, located at an altitude of 12,400 feet in Sikkim, is a serene high-altitude lake surrounded by snow-capped mountains. The nearby Nathula Pass, which is a border trade route between India and China, offers panoramic views of the eastern Himalayas.",Year-round,Sikkim,Nature
Loktak Lake Tour,"Loktak Lake in Manipur is known for its phumdis (floating islands) and is the largest freshwater lake in northeastern India. The lake offers boat tours through its scenic surroundings, where tourists can explore unique wetlands and bird species.",Year-round,Manipur,Nature
Mawlynnong Village Tour,"Mawlynnong, located in Meghalaya, is known as the cleanest village in Asia. Surrounded by lush green forests and beautiful natural landscapes, the village offers opportunities for nature walks, exploring waterfalls, and experiencing eco-tourism in its purest form.",Year-round,Meghalaya,Nature
Sariska Tiger Reserve Safari,"Sariska Tiger Reserve, located in Rajasthan, offers a chance to explore the Aravalli Range's wildlife, including Bengal tigers, leopards, and deer. The reserve's diverse habitats, including dry forests and grasslands, make it an exciting place for nature lovers.",Year-round,Rajasthan,Nature
Tirthan Valley Tour,"Tirthan Valley in Himachal Pradesh is a secluded and serene destination known for its lush greenery, rivers, and rugged mountains. Ideal for nature walks, trekking, and trout fishing, the valley offers a tranquil environment surrounded by stunning landscapes.",Year-round,Himachal Pradesh,Nature
Bengaluru IT Hub Tour,"Bengaluru, known as the Silicon Valley of India, is home to a thriving IT industry with numerous tech parks, start-ups, and multinational companies. This tour offers visits to prominent tech hubs like Electronic City, Manyata Tech Park, and Whitefield, providing insights into India's tech ecosystem.",Year-round,Karnataka,IT Industry
Hyderabad Cyberabad Tour,"Hyderabad, also called Cyberabad, is a major IT destination in India, hosting global tech giants and a growing start-up ecosystem. The tour takes visitors to HITEC City, Gachibowli, and the T-Hub, showcasing the city's tech infrastructure and innovation hubs.",Year-round,Telangana,IT Industry
Chennai IT Corridor Tour,"Chennai is one of India's largest IT hubs, with a robust presence of software companies, tech parks, and IT outsourcing firms. The IT Corridor tour includes visits to the SIPCOT IT Park, Tidel Park, and other tech clusters to understand the city's contribution to India's IT industry.",Year-round,Tamil Nadu,IT Industry
Pune IT Park Tour,"Pune is a major center for IT outsourcing, hosting numerous global and domestic tech firms. The tour includes visits to prominent IT parks like Rajiv Gandhi Infotech Park in Hinjewadi, which houses major companies like Infosys, Wipro, and Cognizant.",Year-round,Maharashtra,IT Industry
Noida Tech Zone Tour,"Noida, a fast-growing IT hub near Delhi, hosts numerous multinational companies and tech start-ups. This tour includes visits to Noida's tech parks and IT complexes, such as the Sector 18 commercial district, showcasing the rapid growth of the region's tech industry.",Year-round,Uttar Pradesh,IT Industry
Kochi Infopark Tour,"Infopark Kochi, located in Kerala, is a prominent IT park that hosts numerous IT firms, start-ups, and tech companies. The tour offers visitors a chance to explore the park's infrastructure, digital innovation ecosystem, and local tech-driven economy.",Year-round,Kerala,IT Industry
Gurugram (Gurgaon) IT Sector Tour,"Gurugram, located near Delhi, is known for its sprawling tech parks and headquarters of leading multinational companies in the IT sector. The tour includes visits to DLF Cyber City, the Udyog Vihar complex, and other IT hubs that make Gurugram an IT powerhouse.",Year-round,Haryana,IT Industry
Trivandrum Technopark Tour,"Technopark, located in Thiruvananthapuram, Kerala, is one of India's largest IT parks, hosting over 400 companies. The tour highlights the growth of Kerala's IT industry, with visits to Technopark's campuses and start-ups working on cutting-edge technology.",Year-round,Kerala,IT Industry
Vadodara IT Industry Tour,"Vadodara, also known as the cultural capital of Gujarat, is witnessing a rise in the IT sector. The tour includes visits to Vadodara's IT parks, including the Sarthana and GIDC Electronic complexes, to understand the city's emerging role in India's IT industry.",Year-round,Gujarat,IT Industry
Indore IT and Start-up Tour,"Indore, a growing IT hub in Madhya Pradesh, offers a growing start-up ecosystem and IT infrastructure. The tour explores major IT parks like the Crystal IT Park, focusing on the city's tech innovation and start-up culture.",Year-round,Madhya Pradesh,IT Industry
Bhubaneswar IT and Tech Innovation Tour,"Bhubaneswar, Odisha, has emerged as a new IT hub in Eastern India, with a focus on digital innovation. The tour includes visits to the Infocity IT Park and the emerging start-up scene in the city, showcasing the region's growth in the IT sector.",Year-round,Odisha,IT Industry
Jaipur IT Industry Tour,"Jaipur, the capital city of Rajasthan, is rapidly evolving as a growing tech hub. The tour includes visits to the Mahindra World City, Infosys Campus, and the expanding start-up ecosystem in the city, providing insights into Jaipur's role in India's IT landscape.",Year-round,Rajasthan,IT Industry
Lucknow IT and Tech Ecosystem Tour,"Lucknow is gaining attention for its emerging IT sector, with growing infrastructure for tech firms and start-ups. The tour includes visits to the Uttar Pradesh State Industrial Development Corporation (UPSIDC) IT Parks, highlighting the city's potential in the IT industry.",Year-round,Uttar Pradesh,IT Industry
Chandigarh IT Cluster Tour,"Chandigarh, the joint capital of Punjab and Haryana, is becoming a significant player in India's IT and start-up ecosystem. The tour includes visits to the Rajiv Gandhi Chandigarh Technology Park, focusing on the city's emerging IT infrastructure.",Year-round,Chandigarh,IT Industry
Ahmedabad IT Industry Tour,"Ahmedabad, the largest city in Gujarat, is developing as a new IT destination, hosting a growing number of tech firms and start-ups. The tour includes visits to the Gujarat International Finance Tec-City (GIFT City) and the state's growing tech ecosystem.",Year-round,Gujarat,IT Industry
Mysuru IT Industry Tour,"Mysuru, known for its cultural heritage, is also home to a growing IT sector. The tour includes visits to the Infosys campus, the Mysore IT Park, and other infrastructure supporting the city's development into a tech hub.",Year-round,Karnataka,IT Industry
Visakhapatnam IT Industry Tour,"Visakhapatnam, often called Vizag, is becoming an emerging IT hub in Andhra Pradesh, with a focus on tech infrastructure and digital services. The tour includes visits to the Rushikonda IT SEZ and the city's growing tech ecosystem.",Year-round,Andhra Pradesh,IT Industry
Faridabad IT and Industrial Growth Tour,"Faridabad, located near Delhi, is rapidly developing into an IT and industrial hub. The tour includes visits to the industrial zones and tech parks like Sector 27, showcasing the integration of IT and industrial sectors in the region.",Year-round,Haryana,IT Industry
Bhubaneswar Smart City IT Tour,"Bhubaneswar is progressing as a smart city with advanced IT infrastructure. The tour focuses on the city's digital transformation initiatives, smart solutions, and the development of its tech-based industries.",Year-round,Odisha,IT Industry
Taj Mahal and Agra Fort Tour,"Visit the world-renowned Taj Mahal and the majestic Agra Fort, both UNESCO World Heritage Sites, in Agra, Uttar Pradesh. Explore the rich Mughal architecture, history, and the cultural significance of these iconic monuments.",Year-round,Uttar Pradesh,Monuments and Museums
Qutub Minar and National Museum Tour,"Explore the Qutub Minar, a UNESCO World Heritage Site in Delhi, and the nearby National Museum, which houses thousands of years of Indian history, art, and culture through its vast collection of artifacts and exhibits.",Year-round,Delhi,Monuments and Museums
Jaipur City Palace and Albert Hall Museum Tour,"Visit the grandeur of Jaipur's City Palace, an architectural masterpiece of Rajasthan, and the Albert Hall Museum, which houses a rich collection of art, textiles, and antiques showcasing the region's heritage.",Year-round,Rajasthan,Monuments and Museums
Gateway of India and Chhatrapati Shivaji Maharaj Vastu Sangrahalaya Tour,"In Mumbai, explore the iconic Gateway of India, a symbol of India's colonial past, and the Chhatrapati Shivaji Maharaj Vastu Sangrahalaya, a museum with a rich collection of artifacts, sculptures, and artwork.",Year-round,Maharashtra,Monuments and Museums
Delhi Red Fort and India Gate Tour,"Visit the Red Fort, a UNESCO World Heritage Site in Delhi, reflecting the grandeur of Mughal architecture, and the India Gate, a national monument commemorating Indian soldiers who died in World War I.",Year-round,Delhi,Monuments and Museums
Sanchi Stupa Tour,"The Sanchi Stupa in Madhya Pradesh is one of the oldest stone structures in India and an important Buddhist monument. Explore its serene surroundings, intricately carved gateways, and the Sanchi Archaeological Museum showcasing Buddhist artifacts.",Year-round,Madhya Pradesh,Monuments and Museums
Khajuraho Temples and Archaeological Museum Tour,The UNESCO-listed Khajuraho Temples in Madhya Pradesh are known for their exquisite erotic carvings and ancient sculptures. The nearby Archaeological Museum offers a glimpse into the region's history and cultural heritage.,Year-round,Madhya Pradesh,Monuments and Museums
Fatehpur Sikri and Archaeological Museum Tour,"Explore the UNESCO World Heritage Site of Fatehpur Sikri in Uttar Pradesh, the former capital of the Mughal Empire, and the local Archaeological Museum to discover the rich history and artifacts of this grand city.",Year-round,Uttar Pradesh,Monuments and Museums
Mysore Palace and Jaganmohan Palace Museum Tour,"Mysore Palace is a magnificent example of Indo-Saracenic architecture, while the Jaganmohan Palace Museum houses a fine collection of paintings and artifacts. The tour provides a deep dive into the royal history of Mysore.",Year-round,Karnataka,Monuments and Museums
Hampi Monuments and Archaeological Museum Tour,"Hampi, a UNESCO World Heritage Site, is an ancient city filled with grand temples and monuments. The Archaeological Museum in Hospet showcases artifacts, sculptures, and historical objects from the Vijayanagara Empire.",Year-round,Karnataka,Monuments and Museums
Elephanta Caves and Chhatrapati Shivaji Maharaj Museum Tour,"Explore the Elephanta Caves near Mumbai, famous for their ancient rock-cut temples, and visit the Chhatrapati Shivaji Maharaj Museum to learn more about the region's rich cultural heritage.",Year-round,Maharashtra,Monuments and Museums
Bodh Gaya Mahabodhi Temple and Museum Tour,"Bodh Gaya, the place where Lord Buddha attained enlightenment, is home to the Mahabodhi Temple, a UNESCO World Heritage Site. The nearby museum houses Buddhist artifacts, sculptures, and ancient relics.",Year-round,Bihar,Monuments and Museums
Ajanta and Ellora Caves Tour,"Explore the Ajanta and Ellora Caves in Maharashtra, famous for their ancient Buddhist and Hindu rock-cut temples, paintings, and sculptures. The caves offer insights into the religious and cultural history of India.",Year-round,Maharashtra,Monuments and Museums
Ranthambore Fort and Museum Tour,"Visit the Ranthambore Fort, a UNESCO World Heritage Site, located within Ranthambore National Park in Rajasthan. The nearby museum provides a collection of artifacts and exhibits related to the fort's history and the wildlife of the region.",Year-round,Rajasthan,Monuments and Museums
Sultanpur Bird Sanctuary and Museum Tour,"Located near Delhi, Sultanpur Bird Sanctuary is home to over 250 species of birds. The tour includes a visit to the nearby museum which showcases the flora and fauna of the region, focusing on the sanctuary's rich biodiversity.",Year-round,Haryana,Monuments and Museums
Tirupati Sri Venkateswara Temple and Museum Tour,"Visit the Sri Venkateswara Temple in Tirupati, Andhra Pradesh, an ancient temple dedicated to Lord Venkateswara. The nearby temple museum showcases a wide array of religious artifacts, paintings, and sculptures.",Year-round,Andhra Pradesh,Monuments and Museums
Patna Museum Tour,"Patna Museum in Bihar features a rich collection of historical artifacts, sculptures, and fossils. It also offers exhibitions on ancient Indian history, art, and culture, making it a significant place for history enthusiasts.",Year-round,Bihar,Monuments and Museums
Kochi Hill Palace and Museum Tour,"Hill Palace in Kochi, Kerala, is a former royal residence with sprawling grounds and a museum that houses royal antiques, paintings, and archaeological artifacts. The tour explores the royal history of Kerala's past.",Year-round,Kerala,Monuments and Museums
Madurai Meenakshi Temple and Gandhi Museum Tour,"The Meenakshi Temple in Madurai, Tamil Nadu, is an ancient Hindu temple dedicated to Goddess Meenakshi. The Gandhi Museum nearby houses historical artifacts related to India's independence movement.",Year-round,Tamil Nadu,Monuments and Museums
Jallianwala Bagh and Partition Museum Tour,"Visit Jallianwala Bagh in Amritsar, Punjab, where the tragic massacre took place in 1919 during British rule. The nearby Partition Museum offers a poignant collection of stories, artifacts, and history related to India's partition and independence.",Year-round,Punjab,Independence War Events & Warriors' Monuments
Cellular Jail and National Memorial Tour,"The Cellular Jail in Andaman and Nicobar Islands was used by the British to imprison Indian freedom fighters. The National Memorial showcases the brutal history of Indian prisoners, their sacrifices, and the struggle for independence.",Year-round,Andaman and Nicobar Islands,Independence War Events & Warriors' Monuments
Victoria Memorial and Indian Museum Tour,"In Kolkata, visit the Victoria Memorial, an iconic British-era monument, and the Indian Museum, which houses numerous artifacts related to India's colonial history, the independence movement, and the freedom fighters' contributions.",Year-round,West Bengal,Independence War Events & Warriors' Monuments
Gandhi Smriti and Museum Tour,"Gandhi Smriti in Delhi marks the spot where Mahatma Gandhi was assassinated. The museum showcases a collection of photographs, artifacts, and exhibits from Gandhi's life and his role in India's independence movement.",Year-round,Delhi,Independence War Events & Warriors' Monuments
Sabarmati Ashram and Museum Tour,"Visit the Sabarmati Ashram in Ahmedabad, Gujarat, the residence of Mahatma Gandhi during India's freedom struggle. The museum documents his contributions to the independence movement and showcases personal artifacts and historical exhibitions.",Year-round,Gujarat,Independence War Events & Warriors' Monuments
Sardar Patel National Memorial and Statue of Unity Tour,"Explore the Sardar Patel National Memorial in Ahmedabad, dedicated to India's first Deputy Prime Minister, and visit the Statue of Unity, the world's tallest statue, honoring Patel's efforts in uniting India post-independence.",Year-round,Gujarat,Independence War Events & Warriors' Monuments
Rani Durgavati Memorial and Museum Tour,"Located in Jabalpur, Madhya Pradesh, this memorial is dedicated to Rani Durgavati, the warrior queen who fought against the Mughal Empire. The museum showcases her life, valor, and the history of her era.",Year-round,Madhya Pradesh,Independence War Events & Warriors' Monuments
Siri Fort and Khilji Palace Tour,"Visit Siri Fort in Delhi, one of the sites where the Indian independence struggle was commemorated. Nearby, the Khilji Palace stands as a historical reminder of the region's past conflicts, providing insight into the architectural history during India's colonial era.",Year-round,Delhi,Independence War Events & Warriors' Monuments
Tata Steel Plant and Jamshedpur War Memorial Tour,"Jamshedpur's Tata Steel Plant played an important role during India's struggle for independence, providing steel for the freedom movement. Visit the Jamshedpur War Memorial to honor the contributions of the people and industries during this time.",Year-round,Jharkhand,Independence War Events & Warriors' Monuments
"Mahatma Gandhi Memorial Museum, Mani Bhavan Tour","Located in Mumbai, this museum is dedicated to Mahatma Gandhi's work and his role in the freedom struggle. The museum also includes his personal belongings, letters, and photographs documenting the independence movement.",Year-round,Maharashtra,Independence War Events & Warriors' Monuments
Kukshi War Memorial Tour,The Kukshi War Memorial in Madhya Pradesh commemorates the sacrifices of the local warriors who fought during the British Raj and the Indian independence struggle. The memorial and its surroundings offer historical insights into tribal resistance during India's colonial era.,Year-round,Madhya Pradesh,Independence War Events & Warriors' Monuments
Bose's Memorial and Museum Tour,"The Netaji Subhas Chandra Bose Memorial in Kolkata showcases the life and contributions of one of the most significant figures in India's fight for independence. The museum holds memorabilia, letters, and documents from his revolutionary journey.",Year-round,West Bengal,Independence War Events & Warriors' Monuments
The Martyrs' Memorial and Birsa Institute Tour,"This memorial in Ranchi, Jharkhand, honors the sacrifices of those who fought for India's independence. The Birsa Institute exhibits the contributions of tribal heroes in India's freedom struggle.",Year-round,Jharkhand,Independence War Events & Warriors' Monuments
Patiala Memorial and Museum Tour,"In Patiala, Punjab, this memorial and museum honor the soldiers and leaders who fought in India's independence movement. The exhibits offer a detailed account of the region's contribution to the freedom struggle and its heroes.",Year-round,Punjab,Independence War Events & Warriors' Monuments
Kalinga War Memorial and Museum Tour,"Visit the Kalinga War Memorial in Odisha, which commemorates the battle fought by Emperor Ashoka before he embraced Buddhism. The Kalinga Museum nearby highlights the significance of the region's ancient history and its role in India's independence struggle.",Year-round,Odisha,Independence War Events & Warriors' Monuments
Shaheed Minar and Martyrs' Memorial Tour,"Located in Kolkata, Shaheed Minar commemorates the sacrifices made by Indian freedom fighters. The Martyrs' Memorial showcases the revolutionary events during the struggle for independence and honors the martyrs' contributions.",Year-round,West Bengal,Independence War Events & Warriors' Monuments
Chandni Chowk and Ghadar Memorial Tour,"Chandni Chowk in Delhi is known for its rich history, including its involvement in the struggle for India's independence. The Ghadar Memorial highlights the efforts of the Ghadar Party, a key revolutionary group in the early 20th century.",Year-round,Delhi,Independence War Events & Warriors' Monuments
Veer Savarkar Smarak and Cellular Jail Tour,"Visit the Veer Savarkar Smarak in Port Blair, Andaman and Nicobar Islands, dedicated to the freedom fighter who was imprisoned in the Cellular Jail. The tour offers a historical overview of Savarkar's revolutionary contributions and the harsh conditions of colonial imprisonment.",Year-round,Andaman and Nicobar Islands,Independence War Events & Warriors' Monuments
Azad Hind Fauj Memorial and Museum Tour,"Located in Red Fort, Delhi, this memorial honors the contributions of Subhas Chandra Bose and the Indian National Army (Azad Hind Fauj). The museum exhibits artifacts, documents, and photographs from the revolutionary movement.",Year-round,Delhi,Independence War Events & Warriors' Monuments
Kargil War Memorial Tour,"Visit the Kargil War Memorial in Drass, Jammu & Kashmir, dedicated to the Indian soldiers who fought and sacrificed their lives in the Kargil War of 1999. The memorial is a tribute to the modern-day heroes and their bravery in defending India's borders.",Year-round,Jammu & Kashmir,Independence War Events & Warriors' Monuments
Chandni Chowk Shopping Tour,"Explore the vibrant market of Chandni Chowk in Delhi, known for its rich history and diverse range of goods, from traditional textiles and jewelry to spices, electronics, and local handicrafts.",Year-round,Delhi,Shopping Tourism
Colaba Causeway Shopping Tour,"Colaba Causeway in Mumbai is a popular shopping destination where you can find a variety of street shops selling clothes, jewelry, accessories, and souvenirs, along with high-end boutiques and local markets.",Year-round,Mumbai,Shopping Tourism
Johari Bazaar Shopping Tour,"Visit Johari Bazaar in Jaipur, Rajasthan, one of the oldest and most famous markets in the city, known for its traditional Rajasthani jewelry, textiles, antiques, and handicrafts.",Year-round,Rajasthan,Shopping Tourism
M.G. Road Shopping Tour,"M.G. Road in Bangalore is a bustling shopping hub offering a mix of traditional and modern shopping experiences, including clothes, jewelry, electronics, and local handicrafts.",Year-round,Karnataka,Shopping Tourism
Sarojini Nagar Market Tour,"Sarojini Nagar in Delhi is famous for affordable fashion, streetwear, accessories, and home décor. It is a must-visit for budget-conscious shoppers looking for trendy items.",Year-round,Delhi,Shopping Tourism
Dilli Haat Shopping Tour,"Dilli Haat in Delhi is a cultural bazaar that brings together artisans from all over India to sell traditional handicrafts, clothing, jewelry, and home décor items, offering a unique shopping experience.",Year-round,Delhi,Shopping Tourism
Bangalore's Commercial Street Shopping Tour,"Commercial Street in Bangalore is one of the city's busiest shopping areas, known for its variety of traditional and contemporary clothing, footwear, jewelry, and souvenirs.",Year-round,Karnataka,Shopping Tourism
Kolkata New Market Shopping Tour,"New Market in Kolkata is a bustling shopping area with a diverse range of goods, from clothing and accessories to local food items, books, and home décor. It's a great place for both traditional and modern shopping.",Year-round,West Bengal,Shopping Tourism
Lajpat Nagar Market Shopping Tour,"Lajpat Nagar Market in Delhi offers a mix of traditional Indian clothing, accessories, home goods, and jewelry, along with a vibrant atmosphere and bargain shopping opportunities.",Year-round,Delhi,Shopping Tourism
Zaveri Bazaar Shopping Tour,"Zaveri Bazaar in Mumbai is known as the jewelry capital of India, offering a wide range of gold, silver, and diamond jewelry, as well as other precious stones and accessories.",Year-round,Mumbai,Shopping Tourism
Khan Market Shopping Tour,"Khan Market in Delhi is a high-end market known for its upscale stores selling fashion, books, electronics, cosmetics, and local handicrafts. It is a blend of luxury and traditional shopping.",Year-round,Delhi,Shopping Tourism
Janpath Market Shopping Tour,"Janpath Market in Delhi is a famous shopping street known for its wide variety of affordable clothing, accessories, jewelry, and souvenirs, offering a great mix of Indian and Western styles.",Year-round,Delhi,Shopping Tourism
Chennai's T Nagar Shopping Tour,"T Nagar in Chennai is a bustling shopping district famous for its traditional silk sarees, jewelry, and a wide range of clothing and accessories. It is also home to numerous temples and landmarks.",Year-round,Tamil Nadu,Shopping Tourism
Bapu Bazaar Shopping Tour,"Bapu Bazaar in Jaipur is a lively market offering a range of Rajasthani handicrafts, textiles, jewelry, and souvenirs, making it a popular destination for both locals and tourists.",Year-round,Rajasthan,Shopping Tourism
Famous Malls of Gurgaon Tour,"Explore the popular shopping malls in Gurgaon, such as Ambience Mall, Sahara Mall, and MGF Metropolitan Mall, where you'll find international brands, food courts, and entertainment options.",Year-round,Haryana,Shopping Tourism
Kochi Jew Town Shopping Tour,"Visit Jew Town in Kochi, Kerala, known for its antique shops, unique spices, and handcrafted jewelry. The market also offers a variety of souvenirs, including antiques and Kerala handicrafts.",Year-round,Kerala,Shopping Tourism
Pondy Bazaar Shopping Tour,"Pondy Bazaar in Chennai is a bustling shopping street offering a wide variety of clothes, jewelry, accessories, and household items. It's a popular destination for both locals and tourists.",Year-round,Tamil Nadu,Shopping Tourism
Bazaars of Old Delhi Tour,"Explore the historical bazaars of Old Delhi, such as Chawri Bazar, Meena Bazaar, and Khari Baoli, where you can shop for traditional clothing, spices, sweets, and jewelry.",Year-round,Delhi,Shopping Tourism
Crawford Market Shopping Tour,"Crawford Market in Mumbai is one of the oldest markets, known for selling fruits, vegetables, spices, and imported goods, as well as clothes, accessories, and home décor items.",Year-round,Mumbai,Shopping Tourism
Kochi's Lulu Mall Shopping Tour,"Lulu Mall in Kochi is one of the largest shopping malls in India, offering a variety of international and local brands, electronics, fashion, food courts, and entertainment options.",Year-round,Kerala,Shopping Tourism
Malleswaram Market Shopping Tour,"Malleswaram in Bangalore is known for its vibrant market selling traditional silk sarees, jewelry, clothing, and accessories, with a focus on South Indian styles and handicrafts.",Year-round,Karnataka,Shopping Tourism
Delhi Street Food Tour,"Explore the vibrant street food scene in Delhi, from savory chaats like Pani Puri and Aloo Tikki to sweet treats like Jalebi and Rabri. Famous locations include Chandni Chowk and Karol Bagh.",Year-round,Delhi,Food Culture Tourism
Mumbai Street Food Tour,"Experience Mumbai's famous street food, such as Vada Pav, Pav Bhaji, Bhel Puri, and Sevpuri, at popular locations like Juhu Beach, Chowpatty, and the local markets.",Year-round,Mumbai,Food Culture Tourism
Kolkata Food Tour,"Indulge in the rich food culture of Kolkata, known for its Bengali sweets like Rasgulla and Sandesh, along with iconic dishes like Machher Jhol (fish curry) and Kathi Rolls.",Year-round,West Bengal,Food Culture Tourism
Chennai Food Tour,"Taste the authentic South Indian cuisine, including Dosa, Idli, Sambar, and Chettinad dishes, at iconic locations like Marina Beach and Mylapore in Chennai.",Year-round,Tamil Nadu,Food Culture Tourism
Hyderabad Biryani Tour,"Discover the rich history and flavor of Hyderabadi Biryani, along with other delicacies like Haleem, Kebabs, and Irani Chai, at popular eateries like Paradise and Bawarchi.",Year-round,Telangana,Food Culture Tourism
Jaipur Rajasthani Food Tour,"Savor the authentic Rajasthani cuisine, including Dal Baati Churma, Gatte Ki Sabzi, and Laal Maas, at local restaurants and street vendors across Jaipur.",Year-round,Rajasthan,Food Culture Tourism
Lucknow Awadhi Cuisine Tour,"Delve into the royal Awadhi cuisine of Lucknow, with specialties like Tunday Kebab, Lucknawi Biryani, and Galouti Kebab, found in old-town eateries and roadside stalls.",Year-round,Uttar Pradesh,Food Culture Tourism
Amritsar Food Tour,"Relish the famous Punjabi cuisine in Amritsar, such as Amritsari Kulcha, Butter Chicken, Chole Bhature, and the iconic Langar food at the Golden Temple.",Year-round,Punjab,Food Culture Tourism
Goa Seafood Tour,"Explore the fresh seafood of Goa, including Prawn Curry, Fish Thali, and Bebinca, at beach shacks and local markets in areas like Calangute and Anjuna.",Year-round,Goa,Food Culture Tourism
Kochi Kerala Food Tour,"Taste the flavors of Kerala with dishes like Kerala Sadya, Appam with Stew, Fish Curry, and Malabar Parotta, at local restaurants and food stalls in Kochi.",Year-round,Kerala,Food Culture Tourism
Mysore Food Tour,"Experience the unique cuisine of Mysore, including the Mysore Pak, Rava Idli, Bisi Bele Bath, and a range of Karnataka specialties at local eateries.",Year-round,Karnataka,Food Culture Tourism
Rishikesh and Haridwar Vegan and Ayurvedic Food Tour,"Explore the spiritual food culture of Rishikesh and Haridwar, focusing on vegan, vegetarian, and Ayurvedic meals that promote health and wellness, including fresh fruit juices, herbal teas, and traditional sattvic food.",Year-round,Uttarakhand,Food Culture Tourism
Varanasi Food Tour,"Indulge in the famous street food and sweets of Varanasi, such as Kachori, Tamatar Chaat, Banarasi Paan, and Lassi, at the ghats and local markets.",Year-round,Uttar Pradesh,Food Culture Tourism
Bengaluru Food Tour,"Taste the unique food of Bengaluru, from traditional Karnataka dishes like Ragi Mudde and Bisibele Bath to fusion food at trendy cafes, in and around MG Road and Indiranagar.",Year-round,Karnataka,Food Culture Tourism
Sikkim Organic Food Tour,"Savor organic Sikkimese food, such as Phagshapa, Momo, and Sel Roti, at local markets and eateries, promoting eco-friendly and farm-to-table food practices.",Year-round,Sikkim,Food Culture Tourism
Bhubaneswar Oriya Food Tour,"Discover the traditional Oriya cuisine in Bhubaneswar, including Dalma, Pakhala Bhata, Chhena Poda, and seafood delicacies, at local restaurants and markets.",Year-round,Odisha,Food Culture Tourism
Nagaland Tribal Food Tour,"Explore the tribal food of Nagaland, known for unique dishes such as Smoked Pork with Bamboo Shoot, Rice Beer, and Eel Curry, served at local eateries and festivals.",Year-round,Nagaland,Food Culture Tourism
Pondicherry French-Inspired Food Tour,"Experience the blend of French and Tamil cuisine in Pondicherry, with dishes like Croissants, Ratatouille, and Tamil seafood curry, at local cafes and eateries.",Year-round,Puducherry,Food Culture Tourism
Bihar Litti Chokha Tour,"Taste the iconic Bihari dish Litti Chokha, along with Sattu Paratha and Thekua, at popular food joints in Patna and surrounding areas.",Year-round,Bihar,Food Culture Tourism
Udaipur Royal Cuisine Tour,"Indulge in Udaipur's royal cuisine, such as Laal Maas, Gatte Ki Sabzi, and the traditional Mewari Thali, at palaces and renowned local restaurants.",Year-round,Rajasthan,Food Culture Tourism
Shimla Snowfall Tour,"Experience the enchanting snowfall in Shimla during winter, with opportunities for skiing, snowboarding, and a visit to Kufri for snow activities.",Winter (December-February),"Shimla, Himachal Pradesh",Seasonal Tourism
Manali Snowfall and Adventure Tour,"Enjoy the thrill of snow activities like skiing, snowboarding, and snow trekking in Manali, with snowfall occurring from December to February.",Winter (December-February),"Manali, Himachal Pradesh",Seasonal Tourism
Gulmarg Snowfall Tour,"Visit Gulmarg, the 'Meadow of Flowers', during winter for skiing and snowfall, a perfect destination for winter sports lovers.",Winter (December-February),"Gulmarg, Jammu & Kashmir",Seasonal Tourism
Leh Ladakh Summer Expedition,"Explore the breathtaking landscapes of Leh Ladakh during the summer months, with pleasant weather ideal for trekking, biking, and river rafting.",Summer (June-August),"Leh Ladakh, Ladakh",Seasonal Tourism
Munnar Tea Gardens in Monsoon Tour,"Visit Munnar during the monsoon to witness lush green tea gardens and the refreshing beauty of the Western Ghats, with misty weather and light rainfall.",Monsoon (June-September),"Munnar, Kerala",Seasonal Tourism
Coorg Coffee Plantation Tour,Experience the beauty of Coorg during the monsoon season with a stay in coffee plantations surrounded by misty mountains and lush green landscapes.,Monsoon (June-September),"Coorg, Karnataka",Seasonal Tourism
Rishikesh and Haridwar Summer Spiritual Retreat,"Enjoy the calm and refreshing atmosphere of Rishikesh and Haridwar during the summer months, ideal for yoga, meditation, and spiritual rejuvenation by the Ganges.",Summer (March-June),"Rishikesh and Haridwar, Uttarakhand",Seasonal Tourism
Ooty Summer Hill Station Tour,"Visit Ooty in the summer for cool weather, lush green hills, and attractions like the Botanical Garden, Ooty Lake, and the Nilgiri Mountain Railway.",Summer (March-June),"Ooty, Tamil Nadu",Seasonal Tourism
Rajasthan Desert Tour,"Experience the extreme heat of Rajasthan's desert during the summer months, visiting cities like Jaisalmer, Bikaner, and Pushkar with camel rides and desert camps.",Summer (March-June),Rajasthan,Seasonal Tourism
Darjeeling Spring Blossom Tour,"Explore Darjeeling during the spring season, with its pleasant weather and blooming rhododendrons and orchids. Visit the Tea Gardens and enjoy scenic views of the Himalayas.",Spring (March-May),"Darjeeling, West Bengal",Seasonal Tourism
Kashmir Spring Tulip Festival,"Witness the breathtaking beauty of Kashmir during spring, with the Tulip Festival showcasing vibrant tulip fields in Srinagar, along with pleasant weather.",Spring (March-May),"Srinagar, Jammu & Kashmir",Seasonal Tourism
Sikkim Spring and Rhododendron Tour,"Visit Sikkim during the spring season to witness the stunning bloom of rhododendrons, along with pleasant weather and views of the Kanchenjunga range.",Spring (March-May),Sikkim,Seasonal Tourism
Kerala Backwaters in Monsoon Tour,"Experience the tranquil Kerala backwaters during the monsoon season, when the landscape is lush and vibrant with heavy rainfall and mist.",Monsoon (June-September),Kerala,Seasonal Tourism
Andaman Islands Summer Beach Vacation,"Relax on the pristine beaches of the Andaman Islands during the summer months, with warm tropical weather perfect for water sports and relaxation.",Summer (March-June),Andaman Islands,Seasonal Tourism
Kullu Valley Summer Adventure Tour,"Experience the cool and pleasant weather of Kullu during the summer, with trekking, rafting, and camping in the lush green valley.",Summer (March-June),"Kullu, Himachal Pradesh",Seasonal Tourism
Spiti Valley Winter Adventure Tour,"Visit Spiti Valley during the winter months for a serene and remote experience, with snow-covered landscapes and an opportunity for winter trekking.",Winter (December-February),"Spiti Valley, Himachal Pradesh",Seasonal Tourism
Nainital Winter Snowfall Tour,"Enjoy the snowfall and cool weather in Nainital during winter, with opportunities for boating in the Naini Lake and exploring nearby snow-capped hills.",Winter (December-February),"Nainital, Uttarakhand",Seasonal Tourism
Tawang Monsoon Beauty Tour,"Experience the monsoon season in Tawang, Arunachal Pradesh, with lush green landscapes, scenic monasteries, and a serene atmosphere.",Monsoon (June-September),"Tawang, Arunachal Pradesh",Seasonal Tourism
Chopta Spring Trekking Tour,"Trek through the beautiful meadows of Chopta during spring, witnessing the blooming of wildflowers and enjoying the cool, pleasant weather.",Spring (March-May),"Chopta, Uttarakhand",Seasonal Tourism
Varanasi Summer Spiritual Retreat,"Experience the spiritual atmosphere of Varanasi during summer, with a focus on early morning Ganga Aarti, yoga, and meditation by the river.",Summer (March-June),"Varanasi, Uttar Pradesh",Seasonal Tourism
Mysore Winter Palace Tour,"Visit Mysore during the winter months to explore its famous Mysore Palace, the Light and Sound Show, and enjoy the cooler climate while touring the city.",Winter (December-February),"Mysore, Karnataka",Seasonal Tourism
Pondicherry Monsoon Serenity Tour,"Experience the serene atmosphere of Pondicherry's beaches during the monsoon season, with light rainfall enhancing the calm and peaceful vibe of the region.",Monsoon (June-September),"Pondicherry, Puducherry",Seasonal Tourism
Meghalaya Spring Blossom Tour,"Explore the beautiful landscapes of Meghalaya during spring, with blooming flowers and pleasant weather. Visit Shillong, Cherrapunji, and Dawki for a refreshing experience.",Spring (March-May),Meghalaya,Seasonal Tourism
Uttarakhand Rhododendron Tour,"Visit the stunning rhododendron forests of Uttarakhand during spring, with colorful blooms and cool weather. Explore places like Munsiyari, Kausani, and Binsar.",Spring (March-May),Uttarakhand,Seasonal Tourism
Jammu and Kashmir Spring Garden Tour,"Discover the beauty of Jammu and Kashmir's famous Mughal Gardens during spring, when tulips and other flowers are in full bloom. Visit Nishat Bagh, Shalimar Bagh, and Chashme Shahi.",Spring (March-May),Jammu and Kashmir,Seasonal Tourism
Nagaland Spring Festival Tour,Experience the vibrant culture and blooming flowers of Nagaland during the spring season. The Hornbill Festival showcases the unique traditions of the Naga tribes.,Spring (March-May),Nagaland,Seasonal Tourism
Rajasthan Spring Desert Oasis Tour,"Explore the desert landscapes of Rajasthan during the spring season, with pleasant weather. Visit desert cities like Jodhpur, Jaisalmer, and Bikaner to experience the blooming desert flora.",Spring (March-May),Rajasthan,Seasonal Tourism
Delhi Spring Garden Tour,"Enjoy the beauty of Delhi's gardens during spring, with numerous gardens in full bloom like Lodi Garden, Mughal Gardens, and the Rose Garden at the Garden of Five Senses.",Spring (March-May),Delhi,Seasonal Tourism
Punjab Spring Flowering Fields Tour,"Visit the expansive fields of Punjab during the spring season, with mustard flowers in full bloom and cool, pleasant weather. Experience rural life and the vibrant culture of Punjab.",Spring (March-May),Punjab,Seasonal Tourism
Varanasi Spring Ganga Aarti Tour,"Witness the spiritual beauty of Varanasi during spring, with pleasant weather and blooming flowers along the ghats. Experience the vibrant Ganga Aarti and explore temples.",Spring (March-May),"Varanasi, Uttar Pradesh",Seasonal Tourism
Darjeeling Tea Garden Spring Tour,"Visit the famous Darjeeling tea gardens during the spring season, when the lush green fields and colorful rhododendrons create a picturesque landscape.",Spring (March-May),"Darjeeling, West Bengal",Seasonal Tourism
Arunachal Pradesh Spring Trekking Tour,"Trek through the scenic landscapes of Arunachal Pradesh during spring, with blooming orchids and rhododendrons. Visit Tawang, Bomdila, and Ziro Valley for a peaceful retreat.",Spring (March-May),Arunachal Pradesh,Seasonal Tourism
Khajuraho Spring Heritage Tour,"Explore the architectural beauty of the UNESCO World Heritage site of Khajuraho during the spring season, with a backdrop of blooming flowers and ideal weather for sightseeing.",Spring (March-May),"Khajuraho, Madhya Pradesh",Seasonal Tourism
South Goa Spring Beach Relaxation Tour,"Enjoy the sunny and pleasant weather of South Goa during spring, with relaxing beachside activities, and explore the coastal beauty while savoring local seafood.",Spring (March-May),"South Goa, Goa",Seasonal Tourism
Kodaikanal Spring Blossom Tour,"Experience the charm of Kodaikanal during spring with blooming flowers, pleasant weather, and activities like boating on the lake, visiting Bryant Park, and trekking.",Spring (March-May),"Kodaikanal, Tamil Nadu",Seasonal Tourism
Almora Spring Nature Tour,"Explore the natural beauty of Almora in Uttarakhand during the spring season, with blooming wildflowers, pleasant weather, and views of the snow-capped peaks of the Himalayas.",Spring (March-May),"Almora, Uttarakhand",Seasonal Tourism
Kerala Spring Backwaters Tour,"Experience the serene backwaters of Kerala during the spring season, with vibrant flowers blooming along the waterways and the pleasant weather ideal for houseboat cruises.",Spring (March-May),Kerala,Seasonal Tourism
Sikkim Spring Flower Tour,"Witness the beauty of spring in Sikkim, with rhododendron blooms and panoramic views of Mount Kanchenjunga. Visit Yumthang Valley and the Gangtok flower show.",Spring (March-May),Sikkim,Seasonal Tourism
Coorg Coffee Estate Spring Tour,"Discover the coffee plantations of Coorg during spring, with lush green landscapes and blooming flowers. Enjoy the cool weather and explore the nearby coffee estates.",Spring (March-May),"Coorg, Karnataka",Seasonal Tourism
